hour, t(sec), V1, VAngle1, V2, VAngle2, V3, VAngle3, V4, VAngle4, I1, IAngle1, I2, IAngle2, I3, IAngle3, I4, IAngle4
0, 900.00000, 127.017, -30, 4.99576E-006, -24.8335, 0, 0, 0, 0, 0, 0, 0, 0, 0, 0, 0, 0
0, 1800.00000, 127.017, -30, 4.99576E-006, -24.8335, 0, 0, 0, 0, 0, 0, 0, 0, 0, 0, 0, 0
0, 2700.00000, 127.017, -30, 4.99576E-006, -24.8335, 0, 0, 0, 0, 0, 0, 0, 0, 0, 0, 0, 0
1, 0.00000, 127.017, -30, 4.99576E-006, -24.8335, 0, 0, 0, 0, 0, 0, 0, 0, 0, 0, 0, 0
1, 900.00000, 127.017, -30, 4.99576E-006, -24.8335, 0, 0, 0, 0, 0, 0, 0, 0, 0, 0, 0, 0
1, 1800.00000, 127.017, -30, 4.99576E-006, -24.8335, 0, 0, 0, 0, 0, 0, 0, 0, 0, 0, 0, 0
1, 2700.00000, 127.017, -30, 4.99576E-006, -24.8335, 0, 0, 0, 0, 0, 0, 0, 0, 0, 0, 0, 0
2, 0.00000, 127.017, -30, 4.99576E-006, -24.8335, 0, 0, 0, 0, 0, 0, 0, 0, 0, 0, 0, 0
2, 900.00000, 127.017, -30, 4.99576E-006, -24.8335, 0, 0, 0, 0, 0, 0, 0, 0, 0, 0, 0, 0
2, 1800.00000, 127.017, -30, 4.99576E-006, -24.8335, 0, 0, 0, 0, 0, 0, 0, 0, 0, 0, 0, 0
2, 2700.00000, 127.017, -30, 4.99576E-006, -24.8335, 0, 0, 0, 0, 0, 0, 0, 0, 0, 0, 0, 0
3, 0.00000, 127.017, -30, 4.99576E-006, -24.8335, 0, 0, 0, 0, 0, 0, 0, 0, 0, 0, 0, 0
3, 900.00000, 127.017, -30, 4.99576E-006, -24.8335, 0, 0, 0, 0, 0, 0, 0, 0, 0, 0, 0, 0
3, 1800.00000, 127.017, -30, 4.99576E-006, -24.8335, 0, 0, 0, 0, 0, 0, 0, 0, 0, 0, 0, 0
3, 2700.00000, 127.017, -30, 4.99576E-006, -24.8335, 0, 0, 0, 0, 0, 0, 0, 0, 0, 0, 0, 0
4, 0.00000, 127.017, -30, 4.99576E-006, -24.8335, 0, 0, 0, 0, 0, 0, 0, 0, 0, 0, 0, 0
4, 900.00000, 127.017, -30, 4.99576E-006, -24.8335, 0, 0, 0, 0, 0, 0, 0, 0, 0, 0, 0, 0
4, 1800.00000, 127.017, -30, 4.99576E-006, -24.8335, 0, 0, 0, 0, 0, 0, 0, 0, 0, 0, 0, 0
4, 2700.00000, 127.017, -30, 4.99576E-006, -24.8335, 0, 0, 0, 0, 0, 0, 0, 0, 0, 0, 0, 0
5, 0.00000, 127.017, -30, 4.99576E-006, -24.8335, 0, 0, 0, 0, 0, 0, 0, 0, 0, 0, 0, 0
5, 900.00000, 127.017, -30, 4.99576E-006, -24.8335, 0, 0, 0, 0, 0, 0, 0, 0, 0, 0, 0, 0
5, 1800.00000, 127.017, -30, 4.99576E-006, -24.8335, 0, 0, 0, 0, 0, 0, 0, 0, 0, 0, 0, 0
5, 2700.00000, 127.017, -30, 4.99576E-006, -24.8335, 0, 0, 0, 0, 0, 0, 0, 0, 0, 0, 0, 0
6, 0.00000, 127.017, -30, 4.99576E-006, -24.8335, 0, 0, 0, 0, 0, 0, 0, 0, 0, 0, 0, 0
6, 900.00000, 127.017, -30, 4.99576E-006, -24.8335, 0, 0, 0, 0, 0, 0, 0, 0, 0, 0, 0, 0
6, 1800.00000, 127.017, -30, 4.99576E-006, -24.8335, 0, 0, 0, 0, 0, 0, 0, 0, 0, 0, 0, 0
6, 2700.00000, 127.017, -30, 4.99576E-006, -24.8335, 0, 0, 0, 0, 0, 0, 0, 0, 0, 0, 0, 0
7, 0.00000, 127.017, -30, 4.99576E-006, -24.8335, 0, 0, 0, 0, 0, 0, 0, 0, 0, 0, 0, 0
7, 900.00000, 127.017, -30, 4.99576E-006, -24.8335, 0, 0, 0, 0, 0, 0, 0, 0, 0, 0, 0, 0
7, 1800.00000, 127.017, -30, 4.99576E-006, -24.8335, 0, 0, 0, 0, 0, 0, 0, 0, 0, 0, 0, 0
7, 2700.00000, 127.017, -30, 4.99576E-006, -24.8335, 0, 0, 0, 0, 0, 0, 0, 0, 0, 0, 0, 0
8, 0.00000, 127.017, -30, 4.99576E-006, -24.8335, 0, 0, 0, 0, 0, 0, 0, 0, 0, 0, 0, 0
8, 900.00000, 127.017, -30, 4.99576E-006, -24.8335, 0, 0, 0, 0, 0, 0, 0, 0, 0, 0, 0, 0
8, 1800.00000, 127.017, -30, 4.99576E-006, -24.8335, 0, 0, 0, 0, 0, 0, 0, 0, 0, 0, 0, 0
8, 2700.00000, 127.017, -30, 4.99576E-006, -24.8335, 0, 0, 0, 0, 0, 0, 0, 0, 0, 0, 0, 0
9, 0.00000, 127.017, -30, 4.99576E-006, -24.8335, 0, 0, 0, 0, 0, 0, 0, 0, 0, 0, 0, 0
9, 900.00000, 127.017, -30, 4.99576E-006, -24.8335, 0, 0, 0, 0, 0, 0, 0, 0, 0, 0, 0, 0
9, 1800.00000, 127.017, -30, 4.99576E-006, -24.8335, 0, 0, 0, 0, 0, 0, 0, 0, 0, 0, 0, 0
9, 2700.00000, 127.017, -30, 4.99576E-006, -24.8335, 0, 0, 0, 0, 0, 0, 0, 0, 0, 0, 0, 0
10, 0.00000, 127.017, -30, 4.99576E-006, -24.8335, 0, 0, 0, 0, 0, 0, 0, 0, 0, 0, 0, 0
10, 900.00000, 127.017, -30, 4.99576E-006, -24.8335, 0, 0, 0, 0, 0, 0, 0, 0, 0, 0, 0, 0
10, 1800.00000, 127.017, -30, 4.99576E-006, -24.8335, 0, 0, 0, 0, 0, 0, 0, 0, 0, 0, 0, 0
10, 2700.00000, 127.017, -30, 4.99576E-006, -24.8335, 0, 0, 0, 0, 0, 0, 0, 0, 0, 0, 0, 0
11, 0.00000, 127.017, -30, 4.99576E-006, -24.8335, 0, 0, 0, 0, 0, 0, 0, 0, 0, 0, 0, 0
11, 900.00000, 127.017, -30, 4.99576E-006, -24.8335, 0, 0, 0, 0, 0, 0, 0, 0, 0, 0, 0, 0
11, 1800.00000, 127.017, -30, 4.99576E-006, -24.8335, 0, 0, 0, 0, 0, 0, 0, 0, 0, 0, 0, 0
11, 2700.00000, 127.017, -30, 4.99576E-006, -24.8335, 0, 0, 0, 0, 0, 0, 0, 0, 0, 0, 0, 0
12, 0.00000, 127.017, -30, 4.99576E-006, -24.8335, 0, 0, 0, 0, 0, 0, 0, 0, 0, 0, 0, 0
12, 900.00000, 127.017, -30, 4.99576E-006, -24.8335, 0, 0, 0, 0, 0, 0, 0, 0, 0, 0, 0, 0
12, 1800.00000, 127.017, -30, 4.99576E-006, -24.8335, 0, 0, 0, 0, 0, 0, 0, 0, 0, 0, 0, 0
12, 2700.00000, 127.017, -30, 4.99576E-006, -24.8335, 0, 0, 0, 0, 0, 0, 0, 0, 0, 0, 0, 0
13, 0.00000, 127.017, -30, 4.99576E-006, -24.8335, 0, 0, 0, 0, 0, 0, 0, 0, 0, 0, 0, 0
13, 900.00000, 127.017, -30, 4.99576E-006, -24.8335, 0, 0, 0, 0, 0, 0, 0, 0, 0, 0, 0, 0
13, 1800.00000, 127.017, -30, 4.99576E-006, -24.8335, 0, 0, 0, 0, 0, 0, 0, 0, 0, 0, 0, 0
13, 2700.00000, 127.017, -30, 4.99576E-006, -24.8335, 0, 0, 0, 0, 0, 0, 0, 0, 0, 0, 0, 0
14, 0.00000, 127.017, -30, 4.99576E-006, -24.8335, 0, 0, 0, 0, 0, 0, 0, 0, 0, 0, 0, 0
14, 900.00000, 127.017, -30, 4.99576E-006, -24.8335, 0, 0, 0, 0, 0, 0, 0, 0, 0, 0, 0, 0
14, 1800.00000, 127.017, -30, 4.99576E-006, -24.8335, 0, 0, 0, 0, 0, 0, 0, 0, 0, 0, 0, 0
14, 2700.00000, 127.017, -30, 4.99576E-006, -24.8335, 0, 0, 0, 0, 0, 0, 0, 0, 0, 0, 0, 0
15, 0.00000, 127.017, -30, 4.99576E-006, -24.8335, 0, 0, 0, 0, 0, 0, 0, 0, 0, 0, 0, 0
15, 900.00000, 127.017, -30, 4.99576E-006, -24.8335, 0, 0, 0, 0, 0, 0, 0, 0, 0, 0, 0, 0
15, 1800.00000, 127.017, -30, 4.99576E-006, -24.8335, 0, 0, 0, 0, 0, 0, 0, 0, 0, 0, 0, 0
15, 2700.00000, 127.017, -30, 4.99576E-006, -24.8335, 0, 0, 0, 0, 0, 0, 0, 0, 0, 0, 0, 0
16, 0.00000, 127.017, -30, 4.99576E-006, -24.8335, 0, 0, 0, 0, 0, 0, 0, 0, 0, 0, 0, 0
16, 900.00000, 127.017, -30, 4.99576E-006, -24.8335, 0, 0, 0, 0, 0, 0, 0, 0, 0, 0, 0, 0
16, 1800.00000, 127.017, -30, 4.99576E-006, -24.8335, 0, 0, 0, 0, 0, 0, 0, 0, 0, 0, 0, 0
16, 2700.00000, 127.017, -30, 4.99576E-006, -24.8335, 0, 0, 0, 0, 0, 0, 0, 0, 0, 0, 0, 0
17, 0.00000, 127.017, -30, 4.99576E-006, -24.8335, 0, 0, 0, 0, 0, 0, 0, 0, 0, 0, 0, 0
17, 900.00000, 127.017, -30, 4.99576E-006, -24.8335, 0, 0, 0, 0, 0, 0, 0, 0, 0, 0, 0, 0
17, 1800.00000, 127.017, -30, 4.99576E-006, -24.8335, 0, 0, 0, 0, 0, 0, 0, 0, 0, 0, 0, 0
17, 2700.00000, 127.017, -30, 4.99576E-006, -24.8335, 0, 0, 0, 0, 0, 0, 0, 0, 0, 0, 0, 0
18, 0.00000, 127.017, -30, 4.99576E-006, -24.8335, 0, 0, 0, 0, 0, 0, 0, 0, 0, 0, 0, 0
18, 900.00000, 127.017, -30, 4.99576E-006, -24.8335, 0, 0, 0, 0, 0, 0, 0, 0, 0, 0, 0, 0
18, 1800.00000, 127.017, -30, 4.99576E-006, -24.8335, 0, 0, 0, 0, 0, 0, 0, 0, 0, 0, 0, 0
18, 2700.00000, 127.017, -30, 4.99576E-006, -24.8335, 0, 0, 0, 0, 0, 0, 0, 0, 0, 0, 0, 0
19, 0.00000, 127.017, -30, 4.99576E-006, -24.8335, 0, 0, 0, 0, 0, 0, 0, 0, 0, 0, 0, 0
19, 900.00000, 127.017, -30, 4.99576E-006, -24.8335, 0, 0, 0, 0, 0, 0, 0, 0, 0, 0, 0, 0
19, 1800.00000, 127.017, -30, 4.99576E-006, -24.8335, 0, 0, 0, 0, 0, 0, 0, 0, 0, 0, 0, 0
19, 2700.00000, 127.017, -30, 4.99576E-006, -24.8335, 0, 0, 0, 0, 0, 0, 0, 0, 0, 0, 0, 0
20, 0.00000, 127.017, -30, 4.99576E-006, -24.8335, 0, 0, 0, 0, 0, 0, 0, 0, 0, 0, 0, 0
20, 900.00000, 127.017, -30, 4.99576E-006, -24.8335, 0, 0, 0, 0, 0, 0, 0, 0, 0, 0, 0, 0
20, 1800.00000, 127.017, -30, 4.99576E-006, -24.8335, 0, 0, 0, 0, 0, 0, 0, 0, 0, 0, 0, 0
20, 2700.00000, 127.017, -30, 4.99576E-006, -24.8335, 0, 0, 0, 0, 0, 0, 0, 0, 0, 0, 0, 0
21, 0.00000, 127.017, -30, 4.99576E-006, -24.8335, 0, 0, 0, 0, 0, 0, 0, 0, 0, 0, 0, 0
21, 900.00000, 127.017, -30, 4.99576E-006, -24.8335, 0, 0, 0, 0, 0, 0, 0, 0, 0, 0, 0, 0
21, 1800.00000, 127.017, -30, 4.99576E-006, -24.8335, 0, 0, 0, 0, 0, 0, 0, 0, 0, 0, 0, 0
21, 2700.00000, 127.017, -30, 4.99576E-006, -24.8335, 0, 0, 0, 0, 0, 0, 0, 0, 0, 0, 0, 0
22, 0.00000, 127.017, -30, 4.99576E-006, -24.8335, 0, 0, 0, 0, 0, 0, 0, 0, 0, 0, 0, 0
22, 900.00000, 127.017, -30, 4.99576E-006, -24.8335, 0, 0, 0, 0, 0, 0, 0, 0, 0, 0, 0, 0
22, 1800.00000, 127.017, -30, 4.99576E-006, -24.8335, 0, 0, 0, 0, 0, 0, 0, 0, 0, 0, 0, 0
22, 2700.00000, 127.017, -30, 4.99576E-006, -24.8335, 0, 0, 0, 0, 0, 0, 0, 0, 0, 0, 0, 0
23, 0.00000, 127.017, -30, 4.99576E-006, -24.8335, 0, 0, 0, 0, 0, 0, 0, 0, 0, 0, 0, 0
23, 900.00000, 127.017, -30, 4.99576E-006, -24.8335, 0, 0, 0, 0, 0, 0, 0, 0, 0, 0, 0, 0
23, 1800.00000, 127.017, -30, 4.99576E-006, -24.8335, 0, 0, 0, 0, 0, 0, 0, 0, 0, 0, 0, 0
23, 2700.00000, 127.017, -30, 4.99576E-006, -24.8335, 0, 0, 0, 0, 0, 0, 0, 0, 0, 0, 0, 0
24, 0.00000, 127.017, -30, 4.99576E-006, -24.8335, 0, 0, 0, 0, 0, 0, 0, 0, 0, 0, 0, 0
