hour, t(sec), P1 (kW), Q1 (kvar), P2 (kW), Q2 (kvar)
0, 900.00000, 0.0568877, 0.035314, 5.11486E-005, -2.64845E-005
0, 1800.00000, 0.0634908, 0.0394085, 5.22489E-005, -2.81233E-005
0, 2700.00000, 0.0556298, 0.0345254, 4.24814E-005, -2.26305E-005
1, 0.00000, 0.0613445, 0.0380675, 4.23671E-005, -2.34788E-005
1, 900.00000, 0.06002, 0.0372426, 3.78378E-005, -2.19997E-005
1, 1800.00000, 0.0536673, 0.0333025, 3.74116E-005, -1.93648E-005
1, 2700.00000, 0.0652985, 0.0405115, 3.41887E-005, -2.1837E-005
2, 0.00000, 0.056863, 0.0352806, 3.4135E-005, -1.89993E-005
2, 900.00000, 0.0544172, 0.0337614, 3.04569E-005, -1.77224E-005
2, 1800.00000, 0.0607093, 0.0376614, 2.87834E-005, -1.9181E-005
2, 2700.00000, 0.0523282, 0.0324624, 2.62808E-005, -1.6044E-005
3, 0.00000, 0.0542923, 0.0336827, 2.99157E-005, -1.69479E-005
3, 900.00000, 0.0588144, 0.0364862, 2.92345E-005, -1.81594E-005
3, 1800.00000, 0.0525673, 0.0326119, 2.79937E-005, -1.62617E-005
3, 2700.00000, 0.0631593, 0.0391792, 2.79848E-005, -1.91579E-005
4, 0.00000, 0.0695666, 0.0431504, 2.62774E-005, -2.0524E-005
4, 900.00000, 0.0676979, 0.0419964, 3.23364E-005, -2.10959E-005
4, 1800.00000, 0.0617637, 0.0383162, 3.16034E-005, -1.91152E-005
4, 2700.00000, 0.0655222, 0.0406462, 3.07401E-005, -2.00151E-005
5, 0.00000, 0.0525636, 0.0326142, 3.1891E-005, -1.83903E-005
5, 900.00000, 0.067666, 0.0419909, 4.31757E-005, -2.84361E-005
5, 1800.00000, 0.05425, 0.0336922, 6.16352E-005, -3.28087E-005
5, 2700.00000, 0.0629673, 0.0391582, 0.00012606, -5.65471E-005
6, 0.00000, 0.0603314, 0.0375114, 0.00012417, -4.44465E-005
6, 900.00000, 0.061874, 0.0384905, 0.000152543, -5.15478E-005
6, 1800.00000, 0.0441534, 0.027423, 5.78315E-005, -2.32697E-005
6, 2700.00000, 0.051251, 0.0318143, 4.57624E-005, -2.27321E-005
7, 0.00000, 0.0564305, 0.0350343, 5.83227E-005, -2.61576E-005
7, 900.00000, 0.0531192, 0.0330034, 8.40248E-005, -3.19173E-005
7, 1800.00000, 0.0681747, 0.0423593, 0.000109894, -4.05978E-005
7, 2700.00000, 0.0408484, 0.0253619, 4.44931E-005, -1.79003E-005
8, 0.00000, 0.0784679, 0.0486885, 4.16864E-005, -3.15154E-005
8, 900.00000, 0.0657126, 0.0407764, 3.94788E-005, -2.68879E-005
8, 1800.00000, 0.049705, 0.0308431, 3.27009E-005, -1.86082E-005
8, 2700.00000, 0.0501181, 0.0311054, 3.86715E-005, -2.09246E-005
9, 0.00000, 0.0972219, 0.0603318, 5.47184E-005, -4.4881E-005
9, 900.00000, 0.0809601, 0.0502416, 5.23139E-005, -3.49012E-005
9, 1800.00000, 0.0738303, 0.0458316, 6.49683E-005, -3.59469E-005
9, 2700.00000, 0.135464, 0.0840474, 4.48394E-005, -6.53864E-005
10, 0.00000, 0.074966, 0.0465153, 3.91931E-005, -3.11727E-005
10, 900.00000, 0.14943, 0.0927123, 5.27007E-005, -7.16763E-005
10, 1800.00000, 0.0926217, 0.0574913, 7.30716E-005, -4.48653E-005
10, 2700.00000, 0.12798, 0.07945, 0.000100979, -7.25157E-005
11, 0.00000, 0.109769, 0.06818, 0.000121196, -7.63862E-005
11, 900.00000, 0.109189, 0.0678165, 0.000114565, -7.59262E-005
11, 1800.00000, 0.113561, 0.0705158, 0.000106384, -7.07294E-005
11, 2700.00000, 0.0663184, 0.0411982, 9.37035E-005, -4.11022E-005
12, 0.00000, 0.0871161, 0.0540964, 9.16614E-005, -4.86298E-005
12, 900.00000, 0.0847657, 0.0526543, 0.000109321, -5.41419E-005
12, 1800.00000, 0.0576508, 0.0358064, 7.30612E-005, -3.21638E-005
12, 2700.00000, 0.0576541, 0.035796, 5.89329E-005, -2.81384E-005
13, 0.00000, 0.0676369, 0.0419891, 6.15497E-005, -3.31853E-005
13, 900.00000, 0.0753752, 0.0468004, 7.9283E-005, -3.88268E-005
13, 1800.00000, 0.139955, 0.0869022, 0.000129658, -8.5072E-005
13, 2700.00000, 0.0832899, 0.0517178, 8.83759E-005, -4.45223E-005
14, 0.00000, 0.10827, 0.0672225, 0.000101768, -5.99126E-005
14, 900.00000, 0.0817564, 0.0507624, 8.30262E-005, -4.2895E-005
14, 1800.00000, 0.0686305, 0.0426227, 8.37265E-005, -3.78642E-005
14, 2700.00000, 0.0722132, 0.0448426, 8.00968E-005, -3.88266E-005
15, 0.00000, 0.0839673, 0.0521317, 7.97696E-005, -4.36576E-005
15, 900.00000, 0.117339, 0.0728359, 8.56746E-005, -6.23031E-005
15, 1800.00000, 0.0837129, 0.0519786, 8.44824E-005, -4.59698E-005
15, 2700.00000, 0.0624624, 0.0387766, 5.50263E-005, -3.12328E-005
16, 0.00000, 0.061175, 0.0379859, 6.59567E-005, -3.27135E-005
16, 900.00000, 0.0568491, 0.0353075, 6.90482E-005, -3.30355E-005
16, 1800.00000, 0.0663622, 0.0412179, 8.02674E-005, -4.05554E-005
16, 2700.00000, 0.108507, 0.0674015, 0.000136893, -7.06786E-005
17, 0.00000, 0.126617, 0.0786699, 0.000166874, -9.63245E-005
17, 900.00000, 0.124604, 0.0773927, 0.000116158, -9.4516E-005
17, 1800.00000, 0.254645, 0.158182, 0.000167165, -0.000263516
17, 2700.00000, 0.347991, 0.216372, 0.000372312, -0.000475012
18, 0.00000, 0.285405, 0.177495, 0.000335775, -0.000407946
18, 900.00000, 0.205904, 0.128149, 0.000402976, -0.000299303
18, 1800.00000, 0.265223, 0.165076, 0.000520598, -0.000389042
18, 2700.00000, 0.251153, 0.156407, 0.000598303, -0.000389998
19, 0.00000, 0.364481, 0.226932, 0.000758249, -0.000579818
19, 900.00000, 0.293552, 0.18278, 0.000661677, -0.000443003
19, 1800.00000, 0.280767, 0.174811, 0.00062988, -0.000416307
19, 2700.00000, 0.296087, 0.184242, 0.000523017, -0.000412732
20, 0.00000, 0.263081, 0.163693, 0.000483133, -0.000350621
20, 900.00000, 0.281305, 0.174976, 0.000423216, -0.00037101
20, 1800.00000, 0.275729, 0.171499, 0.000424815, -0.000355382
20, 2700.00000, 0.247313, 0.153785, 0.000360777, -0.000290831
21, 0.00000, 0.185957, 0.115639, 0.000300474, -0.00020672
21, 900.00000, 0.226614, 0.140896, 0.0003317, -0.000248794
21, 1800.00000, 0.31186, 0.193847, 0.000352719, -0.000353617
21, 2700.00000, 0.233098, 0.144908, 0.000323953, -0.000247123
22, 0.00000, 0.185758, 0.11547, 0.000267045, -0.000181519
22, 900.00000, 0.170741, 0.10616, 0.000286454, -0.000168883
22, 1800.00000, 0.15594, 0.0969264, 0.000231772, -0.000139095
22, 2700.00000, 0.158241, 0.0983217, 0.000192655, -0.000131606
23, 0.00000, 0.0987034, 0.0613157, 0.000123372, -6.85481E-005
23, 900.00000, 0.0770498, 0.0478652, 0.000100478, -5.16063E-005
23, 1800.00000, 0.0645218, 0.0400841, 8.91585E-005, -4.21711E-005
23, 2700.00000, 0.0716014, 0.0444703, 8.454E-005, -4.28825E-005
24, 0.00000, 0.0568871, 0.0353139, 5.11542E-005, -2.64874E-005
