hour, t(sec), P1 (kW), Q1 (kvar), P2 (kW), Q2 (kvar), P3 (kW), Q3 (kvar)
0, 900.00000, 0.116224, 0.0723075, 0.116611, 0.0721296, -7.78031E-005, -0.000221623
0, 1800.00000, 0.10692, 0.0664986, 0.10725, 0.0663499, -6.56072E-005, -0.000188386
0, 2700.00000, 0.0997334, 0.0620131, 0.10002, 0.061884, -5.71702E-005, -0.000163143
1, 0.00000, 0.0897865, 0.0558105, 0.0900201, 0.0557066, -4.59217E-005, -0.000133239
1, 900.00000, 0.0892475, 0.055473, 0.089474, 0.0553692, -4.53505E-005, -0.000130363
1, 1800.00000, 0.0820215, 0.0509713, 0.0822192, 0.0508853, -3.83272E-005, -0.000112095
1, 2700.00000, 0.0793492, 0.0493041, 0.0795269, 0.049222, -3.55617E-005, -0.000103185
2, 0.00000, 0.0759897, 0.0472127, 0.0761581, 0.0471388, -3.27656E-005, -9.58427E-005
2, 900.00000, 0.0786054, 0.0488409, 0.0787802, 0.0487602, -3.496E-005, -0.000101224
2, 1800.00000, 0.0788698, 0.0490042, 0.0790438, 0.0489235, -3.51269E-005, -0.000100765
2, 2700.00000, 0.076579, 0.0475776, 0.0767455, 0.0475027, -3.30238E-005, -9.53133E-005
3, 0.00000, 0.0713952, 0.0443509, 0.0715434, 0.044286, -2.88136E-005, -8.4423E-005
3, 900.00000, 0.0727732, 0.0452083, 0.0729231, 0.0451394, -2.98237E-005, -8.69323E-005
3, 1800.00000, 0.0737942, 0.0458441, 0.0739497, 0.0457738, -3.07817E-005, -8.93574E-005
3, 2700.00000, 0.0730216, 0.0453622, 0.0731713, 0.045293, -3.00152E-005, -8.68546E-005
4, 0.00000, 0.0711966, 0.0442252, 0.0713388, 0.0441601, -2.84727E-005, -8.21763E-005
4, 900.00000, 0.0691675, 0.0429638, 0.0693064, 0.0429025, -2.71702E-005, -7.91345E-005
4, 1800.00000, 0.068408, 0.0424916, 0.0685435, 0.0424313, -2.62696E-005, -7.79116E-005
4, 2700.00000, 0.0683805, 0.0424735, 0.0685141, 0.0424128, -2.64734E-005, -7.72461E-005
5, 0.00000, 0.0887028, 0.0551329, 0.0889218, 0.055028, -4.48395E-005, -0.000127716
5, 900.00000, 0.114897, 0.071472, 0.115257, 0.0712949, -7.57573E-005, -0.000210981
5, 1800.00000, 0.171864, 0.107113, 0.172698, 0.106723, -0.000172821, -0.000474793
5, 2700.00000, 0.222433, 0.1389, 0.223893, 0.138231, -0.000294575, -0.00082747
6, 0.00000, 0.118221, 0.0735919, 0.118682, 0.0734035, -7.98519E-005, -0.000262812
6, 900.00000, 0.118133, 0.0735499, 0.118624, 0.0733648, -8.01654E-005, -0.000273854
6, 1800.00000, 0.107822, 0.0670736, 0.108175, 0.0669205, -6.57333E-005, -0.000202812
6, 2700.00000, 0.108101, 0.0672369, 0.108433, 0.0670822, -6.55146E-005, -0.000194083
7, 0.00000, 0.0961001, 0.059755, 0.0963841, 0.0596387, -5.1565E-005, -0.00015961
7, 900.00000, 0.106997, 0.0665675, 0.107366, 0.0664185, -6.54752E-005, -0.000207289
7, 1800.00000, 0.0854093, 0.0531036, 0.0856601, 0.0530085, -4.19044E-005, -0.000140281
7, 2700.00000, 0.085169, 0.0529396, 0.085383, 0.0528407, -4.07506E-005, -0.000127593
8, 0.00000, 0.104162, 0.0647721, 0.104453, 0.0646242, -6.1161E-005, -0.000174478
8, 900.00000, 0.109658, 0.0682018, 0.109995, 0.0680464, -6.81685E-005, -0.000192762
8, 1800.00000, 0.0934983, 0.0581226, 0.0937524, 0.0580137, -4.91207E-005, -0.000142697
8, 2700.00000, 0.10392, 0.0646245, 0.104226, 0.0644827, -6.17565E-005, -0.000176368
9, 0.00000, 0.118006, 0.0734147, 0.118388, 0.0732278, -7.99776E-005, -0.000223468
9, 900.00000, 0.102421, 0.0636891, 0.102726, 0.0635563, -5.99801E-005, -0.000171529
9, 1800.00000, 0.110574, 0.068782, 0.11093, 0.0686221, -7.01084E-005, -0.000203579
9, 2700.00000, 0.12908, 0.080328, 0.129523, 0.0801026, -9.47593E-005, -0.000263551
10, 0.00000, 0.115198, 0.0716579, 0.115575, 0.0714927, -7.52755E-005, -0.000210695
10, 900.00000, 0.111649, 0.0694465, 0.111998, 0.0692833, -7.11391E-005, -0.000201438
10, 1800.00000, 0.104795, 0.0651753, 0.105125, 0.065037, -6.30772E-005, -0.000183676
10, 2700.00000, 0.123885, 0.0770967, 0.124323, 0.0768891, -8.90623E-005, -0.000254991
11, 0.00000, 0.175918, 0.109664, 0.176807, 0.109254, -0.000180878, -0.000506149
11, 900.00000, 0.184475, 0.115025, 0.185439, 0.114573, -0.00019845, -0.000551845
11, 1800.00000, 0.154197, 0.0960547, 0.154893, 0.0957478, -0.000137963, -0.000389166
11, 2700.00000, 0.12818, 0.0797939, 0.128698, 0.0795882, -9.45669E-005, -0.000284223
12, 0.00000, 0.122336, 0.0761331, 0.122773, 0.0759323, -8.62976E-005, -0.000252291
12, 900.00000, 0.141302, 0.0879944, 0.141891, 0.0877283, -0.000115442, -0.000338234
12, 1800.00000, 0.118804, 0.0739303, 0.119235, 0.0737479, -8.12656E-005, -0.000241842
12, 2700.00000, 0.109613, 0.0681844, 0.109965, 0.0680256, -6.89844E-005, -0.000202122
13, 0.00000, 0.115885, 0.0720975, 0.116269, 0.0719183, -7.74609E-005, -0.000222002
13, 900.00000, 0.103087, 0.0641156, 0.103413, 0.0639785, -6.11741E-005, -0.000182815
13, 1800.00000, 0.119894, 0.0746101, 0.120313, 0.0744124, -8.39403E-005, -0.000244727
13, 2700.00000, 0.106405, 0.0661863, 0.106751, 0.0660397, -6.57353E-005, -0.000194435
14, 0.00000, 0.112818, 0.0701883, 0.113191, 0.0700164, -7.3646E-005, -0.000216178
14, 900.00000, 0.108444, 0.0674579, 0.108797, 0.0673038, -6.78206E-005, -0.000200346
14, 1800.00000, 0.107941, 0.0671484, 0.108299, 0.0669952, -6.74116E-005, -0.000202433
14, 2700.00000, 0.111136, 0.0691397, 0.111502, 0.0689732, -7.16452E-005, -0.000210842
15, 0.00000, 0.112174, 0.069784, 0.11254, 0.0696153, -7.27968E-005, -0.000211591
15, 900.00000, 0.119719, 0.0744916, 0.120125, 0.0742985, -8.28207E-005, -0.000236492
15, 1800.00000, 0.122585, 0.0762869, 0.12303, 0.0760906, -8.71258E-005, -0.000251377
15, 2700.00000, 0.128937, 0.0802477, 0.129405, 0.0800269, -9.59302E-005, -0.00026997
16, 0.00000, 0.124021, 0.0771829, 0.124475, 0.076983, -8.88662E-005, -0.000256552
16, 900.00000, 0.136924, 0.0852505, 0.137469, 0.0850009, -0.000108661, -0.000312721
16, 1800.00000, 0.147727, 0.092008, 0.148356, 0.0917163, -0.00012661, -0.000361869
16, 2700.00000, 0.127742, 0.0795202, 0.128243, 0.0793055, -9.58596E-005, -0.000281486
17, 0.00000, 0.170651, 0.106373, 0.171485, 0.105971, -0.000171761, -0.000488141
17, 900.00000, 0.224614, 0.140217, 0.225974, 0.139523, -0.000297464, -0.000800197
17, 1800.00000, 0.314476, 0.196891, 0.31725, 0.195575, -0.000595947, -0.00156449
17, 2700.00000, 0.372834, 0.23395, 0.376869, 0.232069, -0.000854797, -0.00226321
18, 0.00000, 0.45261, 0.284719, 0.458519, 0.28196, -0.00126556, -0.00329405
18, 900.00000, 0.430047, 0.270399, 0.435589, 0.267955, -0.00113804, -0.003028
18, 1800.00000, 0.385571, 0.242119, 0.390066, 0.240135, -0.00091245, -0.00247529
18, 2700.00000, 0.390724, 0.245425, 0.395342, 0.243347, -0.000940022, -0.0025732
19, 0.00000, 0.355622, 0.223151, 0.359507, 0.221418, -0.00078156, -0.00216365
19, 900.00000, 0.346564, 0.217394, 0.350248, 0.215751, -0.00073813, -0.00204805
19, 1800.00000, 0.343982, 0.215744, 0.347573, 0.214116, -0.000726057, -0.0020129
19, 2700.00000, 0.344366, 0.215946, 0.34787, 0.214305, -0.00072573, -0.0019809
20, 0.00000, 0.327959, 0.205546, 0.331191, 0.204091, -0.000656401, -0.00179741
20, 900.00000, 0.349623, 0.219236, 0.353152, 0.21755, -0.000746418, -0.00200935
20, 1800.00000, 0.332005, 0.208082, 0.335273, 0.206599, -0.000672589, -0.00181907
20, 2700.00000, 0.301304, 0.188634, 0.30396, 0.187408, -0.000550189, -0.00149429
21, 0.00000, 0.295538, 0.184986, 0.298101, 0.183815, -0.000527395, -0.00143204
21, 900.00000, 0.272397, 0.170377, 0.274585, 0.169382, -0.000447599, -0.00122631
21, 1800.00000, 0.264465, 0.165373, 0.266507, 0.164419, -0.000424183, -0.00115905
21, 2700.00000, 0.254378, 0.159015, 0.256301, 0.158151, -0.000390195, -0.00107258
22, 0.00000, 0.239754, 0.149796, 0.241451, 0.149028, -0.000344696, -0.000949979
22, 900.00000, 0.226943, 0.141744, 0.22849, 0.141057, -0.000309273, -0.000865263
22, 1800.00000, 0.207806, 0.129702, 0.209087, 0.129122, -0.000257413, -0.000721283
22, 2700.00000, 0.206646, 0.128957, 0.207875, 0.128379, -0.000253871, -0.000700561
23, 0.00000, 0.171229, 0.106732, 0.172101, 0.106352, -0.000172426, -0.000483567
23, 900.00000, 0.167828, 0.104597, 0.168647, 0.104223, -0.000165554, -0.000464027
23, 1800.00000, 0.158105, 0.0985097, 0.158842, 0.0981803, -0.000146315, -0.000416238
23, 2700.00000, 0.146317, 0.0911256, 0.146939, 0.090841, -0.000125184, -0.000353813
24, 0.00000, 0.116233, 0.0723133, 0.116627, 0.0721397, -7.78374E-005, -0.000221683
