Nome_ID,Case,Simulation,Name,Bus,Pmp,kW,kvar,FP,Phases,Irrad,Temp,
1,1,1,PV_0,bus_33998182_010,0,0,0,1,ABCN,Irrad,Temp,
2,1,1,PV_1,bus_33998182_032,0,0,0,1,CN,Irrad,Temp,
3,1,1,PV_2,bus_33998182_031,0,0,0,1,CN,Irrad,Temp,
4,1,2,PV_0,bus_33998182_010,2.35,0,0,1,ABCN,Irrad,Temp,
5,1,2,PV_1,bus_33998182_032,2.35,0,0,1,CN,Irrad,Temp,
6,1,2,PV_2,bus_33998182_031,2.35,0,0,1,CN,Irrad,Temp,
7,1,3,PV_0,bus_33998182_010,4.375,0,0,1,ABCN,Irrad,Temp,
8,1,3,PV_1,bus_33998182_032,4.375,0,0,1,CN,Irrad,Temp,
9,1,3,PV_2,bus_33998182_031,4.375,0,0,1,CN,Irrad,Temp,
10,1,4,PV_0,bus_33998182_010,5.274999999999999,0,0,1,ABCN,Irrad,Temp,
11,1,4,PV_1,bus_33998182_032,5.274999999999999,0,0,1,CN,Irrad,Temp,
12,1,4,PV_2,bus_33998182_031,5.274999999999999,0,0,1,CN,Irrad,Temp,
13,2,1,PV_0,bus_33998182_034,0,0,0,1,ACN,Irrad,Temp,
14,2,1,PV_1,bus_33998182_008,0,0,0,1,ABCN,Irrad,Temp,
15,2,1,PV_2,bus_33998182_002,0,0,0,1,ABCN,Irrad,Temp,
16,2,2,PV_0,bus_33998182_034,3.2500000000000004,0,0,1,ACN,Irrad,Temp,
17,2,2,PV_1,bus_33998182_008,3.2500000000000004,0,0,1,ABCN,Irrad,Temp,
18,2,2,PV_2,bus_33998182_002,3.2500000000000004,0,0,1,ABCN,Irrad,Temp,
19,2,3,PV_0,bus_33998182_034,4.15,0,0,1,ACN,Irrad,Temp,
20,2,3,PV_1,bus_33998182_008,4.15,0,0,1,ABCN,Irrad,Temp,
21,2,3,PV_2,bus_33998182_002,4.15,0,0,1,ABCN,Irrad,Temp,
22,2,4,PV_0,bus_33998182_034,4.824999999999999,0,0,1,ACN,Irrad,Temp,
23,2,4,PV_1,bus_33998182_008,4.824999999999999,0,0,1,ABCN,Irrad,Temp,
24,2,4,PV_2,bus_33998182_002,4.824999999999999,0,0,1,ABCN,Irrad,Temp,
