Nomes,Bus1,Bus2,,X0,X1,Xg,TotalCust,Yprim,R0,R1,Rg,Rho,Rmatrix,C0,C1,Cmatrix,Count,EmergAmps,Geometry,Length,LineCode,NormAmps,NumCust,Phases,Spacing,Xmatrix
_abcn_l01-sec,bus_xfmr_sec_33998182.1.2.3.4,bus_33998182_001.1.2.3.4,"2,079310345","0,4047","0,1206","0,155081",0,"(53.101139573592675, -28.04588311702089, -14.205995074602917, -2.022468516883215, -10.606682515519015, 1.012522058580467, -18.556859188866436, 12.822836637789832, -53.101139573592675, 28.045883144906547, 14.205995074602917, 2.0224685065302968, 10.606682515519015, -1.012522063315941, 18.556859188866436, -12.822836642093911, -14.205995074602917, -2.022468516883215, 54.821450874828386, -25.881145772765805, -12.442832037850547, -0.7861039656023397, -20.656729329002644, 12.803394884216152, 14.205995074602917, 2.0224685065302968, -54.821450874828386, 25.881145804077896, 12.442832037850547, 0.7861039565555343, 20.656729329002644, -12.803394889647478, -10.606682515519015, 1.012522058580467, -12.442832037850547, -0.7861039656023397, 56.54264899320268, -25.116824410191885, -27.115418173618774, 9.877076424163205, 10.606682515519015, -1.012522063315941, 12.442832037850547, 0.7861039565555343, -56.54264899320268, 25.1168244418728, 27.115418173618774, -9.877076435725773, -18.556859188866436, 12.822836637789832, -20.656729329002644, 12.803394884216152, -27.115418173618774, 9.877076424163205, 68.60111710392223, -75.74501162978486, 18.556859188866436, -12.822836642093911, 20.656729329002644, -12.803394889647478, 27.115418173618774, -9.877076435725773, -68.60111710392223, 75.74501166093974, -53.101139573592675, 28.045883144906547, 14.205995074602917, 2.0224685065302968, 10.606682515519015, -1.012522063315941, 18.556859188866436, -12.822836642093911, 53.101139573592675, -28.04588311702089, -14.205995074602917, -2.022468516883215, -10.606682515519015, 1.012522058580467, -18.556859188866436, 12.822836637789832, 14.205995074602917, 2.0224685065302968, -54.821450874828386, 25.881145804077896, 12.442832037850547, 0.7861039565555343, 20.656729329002644, -12.803394889647478, -14.205995074602917, -2.022468516883215, 54.821450874828386, -25.881145772765805, -12.442832037850547, -0.7861039656023397, -20.656729329002644, 12.803394884216152, 10.606682515519015, -1.012522063315941, 12.442832037850547, 0.7861039565555343, -56.54264899320268, 25.1168244418728, 27.115418173618774, -9.877076435725773, -10.606682515519015, 1.012522058580467, -12.442832037850547, -0.7861039656023397, 56.54264899320268, -25.116824410191885, -27.115418173618774, 9.877076424163205, 18.556859188866436, -12.822836642093911, 20.656729329002644, -12.803394889647478, 27.115418173618774, -9.877076435725773, -68.60111710392223, 75.74501166093974, -18.556859188866436, 12.822836637789832, -20.656729329002644, 12.803394884216152, -27.115418173618774, 9.877076424163205, 68.60111710392223, -75.74501162978486)","0,1784","0,058","0,01805",100,"(0.013798007994260595, 0.0008752430912730059, 0.0008754129548109223, 0.0008755828706250668, 0.0008752430912730059, 0.013798347669076696, 0.0008755828706250668, 0.0008757528387319347, 0.0008754129548109223, 0.0008755828706250668, 0.013798687552997707, 0.0008759228591480225, 0.0008755828706250668, 0.0008757528387319347, 0.0008759228591480225, 0.004917574940655464)","1,6","3,4","(0.147938005425443, -0.054923936977268314, -0.02512246947200434, -0.022833850794930922, -0.054923936977268314, 0.16611579430932266, -0.0479947936566323, -0.02881407738645515, -0.02512246947200434, -0.0479947936566323, 0.16807248108568906, -0.06134133082422506, -0.022833850794930922, -0.02881407738645515, -0.06134133082422506, 0.16528179393736483)",39,"142,5",sec-tradicional-ca-2awg-1kv-ca-2awg-1kv-ca-2awg-1kv-ca-4_0awg-1kv,"0,015033",,95,0,4,,"(0.014319270296486398, 0.009573196460078625, 0.008787366471517927, 0.00832761301805708, 0.009573196460078625, 0.014318921525311798, 0.009572847686156788, 0.008787017694879334, 0.008787366471517927, 0.009572847686156788, 0.014318572748673203, 0.00957249890683197, 0.00832761301805708, 0.008787017694879334, 0.00957249890683197, 0.013658638333087048)"
_cn_l02-ramal,bus_xfmr_sec_33998182.3.4,bus_33998182_013.3.4,"2,079310345","0,4047","0,1206","0,155081",0,"(197.3519037804935, -84.40225364841275, -169.533601309233, -3.372284470529673, -197.3519037804935, 84.4022536783615, 169.533601309233, 3.3722844445885443, -169.533601309233, -3.372284470529673, 197.35221699443738, -84.40188889424317, 169.533601309233, 3.3722844445885443, -197.35221699443738, 84.40188892419785, -197.3519037804935, 84.4022536783615, 169.533601309233, 3.3722844445885443, 197.3519037804935, -84.40225364841275, -169.533601309233, -3.372284470529673, 169.533601309233, 3.3722844445885443, -197.35221699443738, 84.40188892419785, -169.533601309233, -3.372284470529673, 197.35221699443738, -84.40188889424317)","0,1784","0,058","0,01805",100,"(0.002940019766494449, 0.0003411489061520222, 0.0003411489061520222, 0.0029400294578890204)","1,6","3,4","(0.1588830581828913, -0.1376219620208819, -0.1376219620208819, 0.15891450786678155)",39,"235,5",tap-duplex__2_ca-70mm2-xlpe-1kv,"0,005863",,157,0,2,,"(0.005463467738035482, 0.0048894791807793546, 0.0048894791807793546, 0.005463457777941035)"
_abcn_l03-sec,bus_xfmr_sec_33998182.1.2.3.4,bus_33998182_006.1.2.3.4,"2,079310345","0,4047","0,1206","0,155081",0,"(26.014124721691275, -13.739612838776326, -6.959483932624185, -0.9908026366144684, -5.196189084787761, 0.4960321932219929, -9.090962138637455, 6.281877826077053, -26.014124721691275, 13.739612895697716, 6.959483932624185, 0.9908026154816507, 5.196189084787761, -0.496032202888244, 9.090962138637455, -6.281877834862723, -6.959483932624185, -0.9908026366144684, 26.85690122535668, -12.679113045407998, -6.095714463436334, -0.3851105176813274, -10.119683634324987, 6.272353354489521, 6.959483932624185, 0.9908026154816507, -26.85690122535668, 12.67911310932357, 6.095714463436334, 0.3851104992146027, 10.119683634324987, -6.2723533655761745, -5.196189084787761, 0.4960321932219929, -6.095714463436334, -0.3851105176813274, 27.700112178674825, -12.304673787729204, -13.28378027126412, 4.838756740338079, 5.196189084787761, -0.496032202888244, 6.095714463436334, 0.3851104992146027, -27.700112178674825, 12.30467385239764, 13.28378027126412, -4.838756763940086, -9.090962138637455, 6.281877826077053, -10.119683634324987, 6.272353354489521, -13.28378027126412, 4.838756740338079, 33.60752764854534, -37.10730490606271, 9.090962138637455, -6.281877834862723, 10.119683634324987, -6.2723533655761745, 13.28378027126412, -4.838756763940086, -33.60752764854534, 37.107304969657385, -26.014124721691275, 13.739612895697716, 6.959483932624185, 0.9908026154816507, 5.196189084787761, -0.496032202888244, 9.090962138637455, -6.281877834862723, 26.014124721691275, -13.739612838776326, -6.959483932624185, -0.9908026366144684, -5.196189084787761, 0.4960321932219929, -9.090962138637455, 6.281877826077053, 6.959483932624185, 0.9908026154816507, -26.85690122535668, 12.67911310932357, 6.095714463436334, 0.3851104992146027, 10.119683634324987, -6.2723533655761745, -6.959483932624185, -0.9908026366144684, 26.85690122535668, -12.679113045407998, -6.095714463436334, -0.3851105176813274, -10.119683634324987, 6.272353354489521, 5.196189084787761, -0.496032202888244, 6.095714463436334, 0.3851104992146027, -27.700112178674825, 12.30467385239764, 13.28378027126412, -4.838756763940086, -5.196189084787761, 0.4960321932219929, -6.095714463436334, -0.3851105176813274, 27.700112178674825, -12.304673787729204, -13.28378027126412, 4.838756740338079, 9.090962138637455, -6.281877834862723, 10.119683634324987, -6.2723533655761745, 13.28378027126412, -4.838756763940086, -33.60752764854534, 37.107304969657385, -9.090962138637455, 6.281877826077053, -10.119683634324987, 6.272353354489521, -13.28378027126412, 4.838756740338079, 33.60752764854534, -37.10730490606271)","0,1784","0,058","0,01805",100,"(0.028165081707701767, 0.0017865834829244637, 0.0017869302156141794, 0.0017872770550123596, 0.0017865834829244637, 0.028165775066406405, 0.0017872770550123596, 0.0017876240011526741, 0.0017869302156141794, 0.0017872770550123596, 0.028166468851944897, 0.0017879710540687965, 0.0017872770550123596, 0.0017876240011526741, 0.0017879710540687965, 0.010037963455661119)","1,6","3,4","(0.3019773587763683, -0.11211307989652468, -0.051281054893762064, -0.04660942895584716, -0.11211307989652468, 0.3390826358129366, -0.09796901737161039, -0.05881652222981193, -0.051281054893762064, -0.09796901737161039, 0.3430767082149574, -0.12521253759543471, -0.04660942895584716, -0.05881652222981193, -0.12521253759543471, 0.33738023872560213)",39,"142,5",sec-tradicional-ca-2awg-1kv-ca-2awg-1kv-ca-2awg-1kv-ca-4_0awg-1kv,"0,030686",,95,0,4,,"(0.029229104524578036, 0.01954121642878818, 0.017937146780083756, 0.016998678445559738, 0.01954121642878818, 0.029228392597998924, 0.01954050449660129, 0.017936434842351308, 0.017937146780083756, 0.01954050449660129, 0.029227680660266476, 0.01953979255338561, 0.016998678445559738, 0.017936434842351308, 0.01953979255338561, 0.02788059441822053)"
_abcn_l04-sec,bus_33998182_001.1.2.3.4,bus_33998182_014.1.2.3.4,"2,079310345","0,4047","0,1206","0,155081",0,"(44.613504231253486, -23.56305598409972, -11.935322414156694, -1.6991990878643723, -8.911320530699006, 0.850681499858983, -15.590748571297658, 10.773246696972736, -44.613504231253486, 23.56305601729057, 11.935322414156694, 1.699199075541831, 8.911320530699006, -0.8506815054953719, 15.590748571297658, -10.773246702095658, -11.935322414156694, -1.6991990878643723, 46.05884262009138, -21.744328184532833, -10.453981670206632, -0.6604538630509247, -17.35497747738762, 10.756912494293806, 11.935322414156694, 1.699199075541831, -46.05884262009138, 21.74432822180199, 10.453981670206632, 0.6604538522829815, 17.35497747738762, -10.75691250075843, -8.911320530699006, 0.850681499858983, -10.453981670206632, -0.6604538630509247, 47.504926078064926, -21.10217521712188, -22.78131567674571, 8.298333974851403, 8.911320530699006, -0.8506815054953719, 10.453981670206632, 0.6604538522829815, -47.504926078064926, 21.10217525483003, 22.78131567674571, -8.298333988613727, -15.590748571297658, 10.773246696972736, -17.35497747738762, 10.756912494293806, -22.78131567674571, 8.298333974851403, 57.63598018349426, -63.63800143270541, 15.590748571297658, -10.773246702095658, 17.35497747738762, -10.75691250075843, 22.78131567674571, -8.298333988613727, -57.63598018349426, 63.638001469787454, -44.613504231253486, 23.56305601729057, 11.935322414156694, 1.699199075541831, 8.911320530699006, -0.8506815054953719, 15.590748571297658, -10.773246702095658, 44.613504231253486, -23.56305598409972, -11.935322414156694, -1.6991990878643723, -8.911320530699006, 0.850681499858983, -15.590748571297658, 10.773246696972736, 11.935322414156694, 1.699199075541831, -46.05884262009138, 21.74432822180199, 10.453981670206632, 0.6604538522829815, 17.35497747738762, -10.75691250075843, -11.935322414156694, -1.6991990878643723, 46.05884262009138, -21.744328184532833, -10.453981670206632, -0.6604538630509247, -17.35497747738762, 10.756912494293806, 8.911320530699006, -0.8506815054953719, 10.453981670206632, 0.6604538522829815, -47.504926078064926, 21.10217525483003, 22.78131567674571, -8.298333988613727, -8.911320530699006, 0.850681499858983, -10.453981670206632, -0.6604538630509247, 47.504926078064926, -21.10217521712188, -22.78131567674571, 8.298333974851403, 15.590748571297658, -10.773246702095658, 17.35497747738762, -10.75691250075843, 22.78131567674571, -8.298333988613727, -57.63598018349426, 63.638001469787454, -15.590748571297658, 10.773246696972736, -17.35497747738762, 10.756912494293806, -22.78131567674571, 8.298333974851403, 57.63598018349426, -63.63800143270541)","0,1784","0,058","0,01805",100,"(0.016423053085964534, 0.00104175644463167, 0.0010419586243884675, 0.0010421608663669475, 0.00104175644463167, 0.01642345738327608, 0.0010421608663669475, 0.0010423631705867432, 0.0010419586243884675, 0.0010421608663669475, 0.016423861929474357, 0.0010425655370674893, 0.0010421608663669475, 0.0010423631705867432, 0.0010425655370674893, 0.005853134332012787)","1,6","3,4","(0.17608293295266758, -0.06537311277418092, -0.029901972078931263, -0.027177947999314778, -0.06537311277418092, 0.19771901201202094, -0.05712571295803378, -0.03429590146184009, -0.029901972078931263, -0.05712571295803378, 0.20004795477058704, -0.07301140374096049, -0.027177947999314778, -0.03429590146184009, -0.07301140374096049, 0.19672634463655087)",39,"142,5",sec-tradicional-ca-2awg-1kv-ca-2awg-1kv-ca-2awg-1kv-ca-4_0awg-1kv,"0,017893",,95,0,4,,"(0.01704348456163315, 0.011394479096666459, 0.010459146429513089, 0.00991192574549959, 0.011394479096666459, 0.01704306943739799, 0.011394063969161407, 0.010458731298774424, 0.010459146429513089, 0.011394063969161407, 0.017042654306659327, 0.011393648835225468, 0.00991192574549959, 0.010458731298774424, 0.011393648835225468, 0.016257168608656062)"
_abcn_l05-sec,bus_33998182_001.1.2.3.4,bus_33998182_002.1.2.3.4,"2,079310345","0,4047","0,1206","0,155081",0,"(54.83749613311935, -28.96295671665191, -14.670517548705487, -2.0886013055303607, -10.95351090580458, 1.0456305633768692, -19.163650765008505, 13.242131152018064, -54.83749613311935, 28.962956743654605, 14.670517548705487, 2.0886012955052538, 10.95351090580458, -1.0456305679624007, 19.163650765008505, -13.242131156185861, -14.670517548705487, -2.0886013055303607, 56.614059971236884, -26.72743452849663, -12.849700764237648, -0.8118088140704646, -21.33218465363033, 13.222053671739376, 14.670517548705487, 2.0886012955052538, -56.614059971236884, 26.727434558817265, 12.849700764237648, 0.8118088053101142, 21.33218465363033, -13.222053676998726, -10.95351090580458, 1.0456305633768692, -12.849700764237648, -0.8118088140704646, 58.391539624566576, -25.938120587215597, -28.00206645627607, 10.200047392682473, 10.95351090580458, -1.0456305679624007, 12.849700764237648, 0.8118088053101142, -58.391539624566576, 25.93812061789338, 28.00206645627607, -10.200047403878928, -19.163650765008505, 13.242131152018064, -21.33218465363033, 13.222053671739376, -28.00206645627607, 10.200047392682473, 70.84430812827247, -78.22180118566637, 19.163650765008505, -13.242131156185861, 21.33218465363033, -13.222053676998726, 28.00206645627607, -10.200047403878928, -70.84430812827247, 78.22180121583477, -54.83749613311935, 28.962956743654605, 14.670517548705487, 2.0886012955052538, 10.95351090580458, -1.0456305679624007, 19.163650765008505, -13.242131156185861, 54.83749613311935, -28.96295671665191, -14.670517548705487, -2.0886013055303607, -10.95351090580458, 1.0456305633768692, -19.163650765008505, 13.242131152018064, 14.670517548705487, 2.0886012955052538, -56.614059971236884, 26.727434558817265, 12.849700764237648, 0.8118088053101142, 21.33218465363033, -13.222053676998726, -14.670517548705487, -2.0886013055303607, 56.614059971236884, -26.72743452849663, -12.849700764237648, -0.8118088140704646, -21.33218465363033, 13.222053671739376, 10.95351090580458, -1.0456305679624007, 12.849700764237648, 0.8118088053101142, -58.391539624566576, 25.93812061789338, 28.00206645627607, -10.200047403878928, -10.95351090580458, 1.0456305633768692, -12.849700764237648, -0.8118088140704646, 58.391539624566576, -25.938120587215597, -28.00206645627607, 10.200047392682473, 19.163650765008505, -13.242131156185861, 21.33218465363033, -13.222053676998726, 28.00206645627607, -10.200047403878928, -70.84430812827247, 78.22180121583477, -19.163650765008505, 13.242131152018064, -21.33218465363033, 13.222053671739376, -28.00206645627607, 10.200047392682473, 70.84430812827247, -78.22180118566637)","0,1784","0,058","0,01805",100,"(0.013361112377599382, 0.0008475296800147109, 0.0008476941650490651, 0.0008478587007043902, 0.0008475296800147109, 0.013361441297063093, 0.0008478587007043902, 0.000848023286996659, 0.0008476941650490651, 0.0008478587007043902, 0.013361770419010686, 0.0008481879239418456, 0.0008478587007043902, 0.000848023286996659, 0.0008481879239418456, 0.004761866454541449)","1,6","3,4","(0.14325374476007277, -0.05318484338309684, -0.024326999807354966, -0.02211084720427123, -0.05318484338309684, 0.1608559580762862, -0.046475102192482964, -0.02790171785502745, -0.024326999807354966, -0.046475102192482964, 0.1627506889619089, -0.05939903896815301, -0.02211084720427123, -0.02790171785502745, -0.05939903896815301, 0.1600483652195982)",39,"142,5",sec-tradicional-ca-2awg-1kv-ca-2awg-1kv-ca-2awg-1kv-ca-4_0awg-1kv,"0,014557",,95,0,4,,"(0.013865869600608828, 0.009270073895387785, 0.008509126170816634, 0.008063930200482732, 0.009270073895387785, 0.013865531872810739, 0.009269736164929447, 0.008508788437727564, 0.008509126170816634, 0.009269736164929447, 0.013865194139721669, 0.009269398429239207, 0.008063930200482732, 0.008508788437727564, 0.009269398429239207, 0.013226155671838501)"
_abcn_l06-sec,bus_33998182_001.1.2.3.4,bus_33998182_003.1.2.3.4,"2,079310345","0,4047","0,1206","0,155081",0,"(41.11188294843789, -21.713640656024218, -10.998543748081875, -1.5658324827890924, -8.211889491466103, 0.7839132749171027, -14.36706309863671, 9.927676939416669, -41.11188294843789, 21.71364069204203, 10.998543748081875, 1.5658324694170034, 8.211889491466103, -0.7839132810335596, 14.36706309863671, -9.927676944975925, -10.998543748081875, -1.5658324827890924, 42.44377972917006, -20.037661023196783, -9.633470362311751, -0.608616212895327, -15.992821342272062, 9.912624774159537, 10.998543748081875, 1.5658324694170034, -42.44377972917006, 20.037661063640265, 9.633470362311751, 0.6086162012102461, 15.992821342272062, -9.912624781174774, -8.211889491466103, 0.7839132749171027, -9.633470362311751, -0.608616212895327, 43.776363100108966, -19.4459093083449, -20.993257527115972, 7.647014974933421, 8.211889491466103, -0.7839132810335596, 9.633470362311751, 0.6086162012102461, -43.776363100108966, 19.445909349264763, 20.993257527115972, -7.647014989867924, -14.36706309863671, 9.927676939416669, -15.992821342272062, 9.912624774159537, -20.993257527115972, 7.647014974933421, 53.11225181146741, -58.64318687323265, 14.36706309863671, -9.927676944975925, 15.992821342272062, -9.912624781174774, 20.993257527115972, -7.647014989867924, -53.11225181146741, 58.64318691347308, -41.11188294843789, 21.71364069204203, 10.998543748081875, 1.5658324694170034, 8.211889491466103, -0.7839132810335596, 14.36706309863671, -9.927676944975925, 41.11188294843789, -21.713640656024218, -10.998543748081875, -1.5658324827890924, -8.211889491466103, 0.7839132749171027, -14.36706309863671, 9.927676939416669, 10.998543748081875, 1.5658324694170034, -42.44377972917006, 20.037661063640265, 9.633470362311751, 0.6086162012102461, 15.992821342272062, -9.912624781174774, -10.998543748081875, -1.5658324827890924, 42.44377972917006, -20.037661023196783, -9.633470362311751, -0.608616212895327, -15.992821342272062, 9.912624774159537, 8.211889491466103, -0.7839132810335596, 9.633470362311751, 0.6086162012102461, -43.776363100108966, 19.445909349264763, 20.993257527115972, -7.647014989867924, -8.211889491466103, 0.7839132749171027, -9.633470362311751, -0.608616212895327, 43.776363100108966, -19.4459093083449, -20.993257527115972, 7.647014974933421, 14.36706309863671, -9.927676944975925, 15.992821342272062, -9.912624781174774, 20.993257527115972, -7.647014989867924, -53.11225181146741, 58.64318691347308, -14.36706309863671, 9.927676939416669, -15.992821342272062, 9.912624774159537, -20.993257527115972, 7.647014974933421, 53.11225181146741, -58.64318687323265)","0,1784","0,058","0,01805",100,"(0.017821853337627754, 0.0011304859378199932, 0.001130705337827691, 0.001130924805356677, 0.0011304859378199932, 0.017822292070143166, 0.001130924805356677, 0.0011311443404282565, 0.001130705337827691, 0.001130924805356677, 0.017822731072743733, 0.0011313639430637367, 0.001130924805356677, 0.0011311443404282565, 0.0011313639430637367, 0.006351663182512284)","1,6","3,4","(0.19108043978885297, -0.0709411351219064, -0.0324488119296154, -0.029492774621510932, -0.0709411351219064, 0.21455932801863356, -0.061991279746612754, -0.03721698533977248, -0.0324488119296154, -0.061991279746612754, 0.21708663375512707, -0.07923000203645167, -0.029492774621510932, -0.03721698533977248, -0.07923000203645167, 0.21348211221192132)",39,"142,5",sec-tradicional-ca-2awg-1kv-ca-2awg-1kv-ca-2awg-1kv-ca-4_0awg-1kv,"0,019417",,95,0,4,,"(0.018495128806417644, 0.012364980753365708, 0.011349983022514708, 0.010756153926136788, 0.012364980753365708, 0.018494678324817347, 0.012364530268217015, 0.011349532533856984, 0.011349983022514708, 0.012364530268217015, 0.018494227836159626, 0.012364079776089694, 0.010756153926136788, 0.011349532533856984, 0.012364079776089694, 0.017641839986266963)"
_an_l07-ramal,bus_33998182_002.1.4,bus_33998182_015.1.4,"2,079310345","0,4047","0,1206","0,155081",0,"(89.06848455443301, -31.14137718189991, -28.7225917916048, -24.36151052210593, -89.06848455443301, 31.141377201734713, 28.7225917916048, 24.36151050506372, -28.7225917916048, -24.36151052210593, 89.0684862419815, -31.141319763442333, 28.7225917916048, 24.36151050506372, -89.0684862419815, 31.14131978327918, -89.06848455443301, 31.141377201734713, 28.7225917916048, 24.36151050506372, 89.06848455443301, -31.14137718189991, -28.7225917916048, -24.36151052210593, 28.7225917916048, 24.36151050506372, -89.0684862419815, 31.14131978327918, -28.7225917916048, -24.36151052210593, 89.0684862419815, -31.141319763442333)","0,1784","0,058","0,01805",100,"(0.008719341504080476, 0.0002577688864227756, 0.0002577688864227756, 0.0087193456452233)","1,6","3,4","(0.10522691194337928, -0.09041173287266063, -0.09041173287266063, 0.10523773380567399)",39,"88,5",tap-duplex__2_ca-16mm2-xlpe-1kv,"0,00443",,59,0,2,,"(0.004371847490223603, 0.003884812669522167, 0.003884812669522167, 0.0043718432343056)"
_bcn_l08-ramal,bus_33998182_002.2.3.4,bus_33998182_016.2.3.4,"2,079310345","0,4047","0,1206","0,155081",0,"(62.73798138612669, -14.982414264194649, -17.8013706019921, -10.3467094143086, -17.801368993774517, -10.34670172980379, -62.73798138612669, 14.98241430108187, 17.8013706019921, 10.346709397261163, 17.801368993774517, 10.346701712756865, -17.8013706019921, -10.3467094143086, 62.73798460263217, -14.982398895306241, -17.80136738552733, -10.346694045363844, 17.8013706019921, 10.346709397261163, -62.73798460263217, 14.982398932194481, 17.80136738552733, 10.346694028317428, -17.801368993774517, -10.34670172980379, -17.80136738552733, -10.346694045363844, 62.73798781905624, -14.982383526305146, 17.801368993774517, 10.346701712756865, 17.80136738552733, 10.346694028317428, -62.73798781905624, 14.982383563194407, -62.73798138612669, 14.98241430108187, 17.8013706019921, 10.346709397261163, 17.801368993774517, 10.346701712756865, 62.73798138612669, -14.982414264194649, -17.8013706019921, -10.3467094143086, -17.801368993774517, -10.34670172980379, 17.8013706019921, 10.346709397261163, -62.73798460263217, 14.982398932194481, 17.80136738552733, 10.346694028317428, -17.8013706019921, -10.3467094143086, 62.73798460263217, -14.982398895306241, -17.80136738552733, -10.346694045363844, 17.801368993774517, 10.346701712756865, 17.80136738552733, 10.346694028317428, -62.73798781905624, 14.982383563194407, -17.801368993774517, -10.34670172980379, -17.80136738552733, -10.346694045363844, 62.73798781905624, -14.982383526305146)","0,1784","0,058","0,01805",100,"(0.012752282980798512, 0.00037699275563754845, 0.00037699426978175235, 0.00037699275563754845, 0.012752286009048333, 0.0003769957839066636, 0.00037699426978175235, 0.0003769957839066636, 0.012752289037336741)","1,6","3,4","(0.19569278597712697, -0.09043945896949228, -0.09043675362268472, -0.09043945896949228, 0.1956981956863188, -0.09043404655650733, -0.09043675362268472, -0.09043404655650733, 0.19570361084865104)",39,"88,5",tap-triplex__3_ca-16mm2-xlpe-1kv,"0,006479",,59,0,3,,"(0.006393950313579848, 0.005681649701886982, 0.005681648145786484, 0.005681649701886982, 0.0063939472013802914, 0.0056816465896868985, 0.005681648145786484, 0.0056816465896868985, 0.0063939440891796805)"
_abcn_l09-sec,bus_33998182_002.1.2.3.4,bus_33998182_004.1.2.3.4,"2,079310345","0,4047","0,1206","0,155081",0,"(21.175940557864507, -11.184278820101323, -5.6651384448763995, -0.806530228859786, -4.229786408886577, 0.40377864896904764, -7.400198004780991, 5.113555530512628, -21.175940557864507, 11.184278890027858, 5.6651384448763995, 0.8065302028986366, 4.229786408886577, -0.4037786608438006, 7.400198004780991, -5.113555541305609, -5.6651384448763995, -0.806530228859786, 21.86197498478115, -10.321013924524044, -4.9620153865031, -0.3134865276836444, -8.237594821945953, 5.105802447479883, 5.6651384448763995, 0.8065302028986366, -21.86197498478115, 10.321014003042759, 4.9620153865031, 0.313486504997725, 8.237594821945953, -5.105802461099565, -4.229786408886577, 0.40377864896904764, -4.9620153865031, -0.3134865276836444, 22.548363061114035, -10.016213991561369, -10.813223370666392, 3.9388303834591674, 4.229786408886577, -0.4037786608438006, 4.9620153865031, 0.313486504997725, -22.548363061114035, 10.01621407100496, 10.813223370666392, -3.9388304124536555, -7.400198004780991, 5.113555530512628, -8.237594821945953, 5.105802447479883, -10.813223370666392, 3.9388303834591674, 27.35709986002236, -30.205978124355973, 7.400198004780991, -5.113555541305609, 8.237594821945953, -5.105802461099565, 10.813223370666392, -3.9388304124536555, -27.35709986002236, 30.205978202480477, -21.175940557864507, 11.184278890027858, 5.6651384448763995, 0.8065302028986366, 4.229786408886577, -0.4037786608438006, 7.400198004780991, -5.113555541305609, 21.175940557864507, -11.184278820101323, -5.6651384448763995, -0.806530228859786, -4.229786408886577, 0.40377864896904764, -7.400198004780991, 5.113555530512628, 5.6651384448763995, 0.8065302028986366, -21.86197498478115, 10.321014003042759, 4.9620153865031, 0.313486504997725, 8.237594821945953, -5.105802461099565, -5.6651384448763995, -0.806530228859786, 21.86197498478115, -10.321013924524044, -4.9620153865031, -0.3134865276836444, -8.237594821945953, 5.105802447479883, 4.229786408886577, -0.4037786608438006, 4.9620153865031, 0.313486504997725, -22.548363061114035, 10.01621407100496, 10.813223370666392, -3.9388304124536555, -4.229786408886577, 0.40377864896904764, -4.9620153865031, -0.3134865276836444, 22.548363061114035, -10.016213991561369, -10.813223370666392, 3.9388303834591674, 7.400198004780991, -5.113555541305609, 8.237594821945953, -5.105802461099565, 10.813223370666392, -3.9388304124536555, -27.35709986002236, 30.205978202480477, -7.400198004780991, 5.113555530512628, -8.237594821945953, 5.105802447479883, -10.813223370666392, 3.9388303834591674, 27.35709986002236, -30.205978124355973)","0,1784","0,058","0,01805",100,"(0.034600113574113064, 0.002194774084462084, 0.0021952000370855677, 0.002195626120797788, 0.002194774084462084, 0.03460096534831266, 0.002195626120797788, 0.002196052335640108, 0.0021952000370855677, 0.002195626120797788, 0.0346018176468672, 0.002196478681653895, 0.002195626120797788, 0.002196052335640108, 0.002196478681653895, 0.012331392439159787)","1,6","3,4","(0.37097179475307157, -0.13772817483084437, -0.0629975208997637, -0.057258542767013317, -0.13772817483084437, 0.4165547194890266, -0.12035254017654948, -0.07225465810132375, -0.0629975208997637, -0.12035254017654948, 0.42146133968517413, -0.15382053802173964, -0.057258542767013317, -0.07225465810132375, -0.15382053802173964, 0.4144633663311942)",39,"142,5",sec-tradicional-ca-2awg-1kv-ca-2awg-1kv-ca-2awg-1kv-ca-4_0awg-1kv,"0,037697",,95,0,4,,"(0.0359072395640689, 0.02400590613687115, 0.02203534583095931, 0.02088246044979031, 0.02400590613687115, 0.03590636497968994, 0.024005031545603173, 0.02203447123287875, 0.02203534583095931, 0.024005031545603173, 0.03590549038160938, 0.02400415694078659, 0.02088246044979031, 0.02203447123287875, 0.02400415694078659, 0.03425062790144233)"
_abcn_l10-sec,bus_33998182_003.1.2.3.4,bus_33998182_005.1.2.3.4,"2,079310345","0,4047","0,1206","0,155081",0,"(31.933331914945935, -16.865899678302817, -8.5430324008523, -1.2162480794073818, -6.378520611880841, 0.6088984711169666, -11.159503327715374, 7.711245022069095, -31.933331914945935, 16.86589972467318, 8.5430324008523, 1.2162480621917728, 6.378520611880841, -0.6088984789914679, 11.159503327715374, -7.711245029226241, -8.5430324008523, -1.2162480794073818, 32.96787226983339, -15.564095670497833, -7.482722378790599, -0.4727378652276946, -12.422298263976984, 7.699553370281548, 8.5430324008523, 1.2162480621917728, -32.96787226983339, 15.564095722565924, 7.482722378790599, 0.4727378501839879, 12.422298263976984, -7.699553379313164, -6.378520611880841, 0.6088984711169666, -7.482722378790599, -0.4727378652276946, 34.00294592826688, -15.104457177283953, -16.30634776398155, 5.939758763806159, 6.378520611880841, -0.6088984789914679, 7.482722378790599, 0.4727378501839879, -34.00294592826688, 15.104457229965357, 16.30634776398155, -5.939758783033265, -11.159503327715374, 7.711245022069095, -12.422298263976984, 7.699553370281548, -16.30634776398155, 5.939758763806159, 41.25452409885841, -45.5506344109066, 11.159503327715374, -7.711245029226241, 12.422298263976984, -7.699553379313164, 16.30634776398155, -5.939758783033265, -41.25452409885841, 45.55063446271328, -31.933331914945935, 16.86589972467318, 8.5430324008523, 1.2162480621917728, 6.378520611880841, -0.6088984789914679, 11.159503327715374, -7.711245029226241, 31.933331914945935, -16.865899678302817, -8.5430324008523, -1.2162480794073818, -6.378520611880841, 0.6088984711169666, -11.159503327715374, 7.711245022069095, 8.5430324008523, 1.2162480621917728, -32.96787226983339, 15.564095722565924, 7.482722378790599, 0.4727378501839879, 12.422298263976984, -7.699553379313164, -8.5430324008523, -1.2162480794073818, 32.96787226983339, -15.564095670497833, -7.482722378790599, -0.4727378652276946, -12.422298263976984, 7.699553370281548, 6.378520611880841, -0.6088984789914679, 7.482722378790599, 0.4727378501839879, -34.00294592826688, 15.104457229965357, 16.30634776398155, -5.939758783033265, -6.378520611880841, 0.6088984711169666, -7.482722378790599, -0.4727378652276946, 34.00294592826688, -15.104457177283953, -16.30634776398155, 5.939758763806159, 11.159503327715374, -7.711245029226241, 12.422298263976984, -7.699553379313164, 16.30634776398155, -5.939758783033265, -41.25452409885841, 45.55063446271328, -11.159503327715374, 7.711245022069095, -12.422298263976984, 7.699553370281548, -16.30634776398155, 5.939758763806159, 41.25452409885841, -45.5506344109066)","0,1784","0,058","0,01805",100,"(0.02294436265818708, 0.0014554198626782814, 0.0014557023245103063, 0.0014559848732711648, 0.0014554198626782814, 0.022944927494949727, 0.0014559848732711648, 0.0014562675089882862, 0.0014557023245103063, 0.0014559848732711648, 0.022945492679427706, 0.0014565502316891017, 0.0014559848732711648, 0.0014562675089882862, 0.0014565502316891017, 0.00817731247033229)","1,6","3,4","(0.246002412001944, -0.09133164215776979, -0.041775526632153566, -0.03796983983048515, -0.09133164215776979, 0.27622980284337445, -0.0798093429008511, -0.04791420917359182, -0.041775526632153566, -0.0798093429008511, 0.2794835283828947, -0.10200296600438889, -0.03796983983048515, -0.04791420917359182, -0.10200296600438889, 0.27484296446792034)",39,"142,5",sec-tradicional-ca-2awg-1kv-ca-2awg-1kv-ca-2awg-1kv-ca-4_0awg-1kv,"0,024998",,95,0,4,,"(0.02381115671333513, 0.01591902914315476, 0.014612292094392678, 0.013847779566646104, 0.01591902914315476, 0.023810576750465266, 0.015918449175716585, 0.014611712122436879, 0.014612292094392678, 0.015918449175716585, 0.023809996778509465, 0.015917869199293926, 0.013847779566646104, 0.014611712122436879, 0.015917869199293926, 0.022712608331704257)"
_abcn_l11-ramal,bus_33998182_003.1.2.3.4,bus_33998182_017.1.2.3.4,"2,079310345","0,4047","0,1206","0,155081",0,"(78.71023631391868, -14.4204450030326, -18.639193014974236, -8.421902288522311, -18.229625360329248, -6.738752802974601, -18.639190647511345, -8.421894857530718, -78.71023631391868, 14.420445033598519, 18.639193014974236, 8.421902274647938, 18.229625360329248, 6.738752802429987, 18.639190647511345, 8.421894843656759, -18.639193014974236, -8.421902288522311, 78.4284545833067, -13.604768619461094, -18.639184976112983, -8.421880377773784, -18.798014281727404, -8.008584232941983, 18.639193014974236, 8.421902274647938, -78.4284545833067, 13.604768656315159, 18.639184976112983, 8.421880363899898, 18.798014281727404, 8.008584225118085, -18.229625360329248, -6.738752802974601, -18.639184976112983, -8.421880377773784, 78.71025145513725, -14.420400799325963, -18.639182608665685, -8.421872946790769, 18.229625360329248, 6.738752802429987, 18.639184976112983, 8.421880363899898, -78.71025145513725, 14.420400829893616, 18.639182608665685, 8.4218729329173, -18.639190647511345, -8.421894857530718, -18.798014281727404, -8.008584232941983, -18.639182608665685, -8.421872946790769, 78.42845963352146, -13.60475387830471, 18.639190647511345, 8.421894843656759, 18.798014281727404, 8.008584225118085, 18.639182608665685, 8.4218729329173, -78.42845963352146, 13.604753915159243, -78.71023631391868, 14.420445033598519, 18.639193014974236, 8.421902274647938, 18.229625360329248, 6.738752802429987, 18.639190647511345, 8.421894843656759, 78.71023631391868, -14.4204450030326, -18.639193014974236, -8.421902288522311, -18.229625360329248, -6.738752802974601, -18.639190647511345, -8.421894857530718, 18.639193014974236, 8.421902274647938, -78.4284545833067, 13.604768656315159, 18.639184976112983, 8.421880363899898, 18.798014281727404, 8.008584225118085, -18.639193014974236, -8.421902288522311, 78.4284545833067, -13.604768619461094, -18.639184976112983, -8.421880377773784, -18.798014281727404, -8.008584232941983, 18.229625360329248, 6.738752802429987, 18.639184976112983, 8.421880363899898, -78.71025145513725, 14.420400829893616, 18.639182608665685, 8.4218729329173, -18.229625360329248, -6.738752802974601, -18.639184976112983, -8.421880377773784, 78.71025145513725, -14.420400799325963, -18.639182608665685, -8.421872946790769, 18.639190647511345, 8.421894843656759, 18.798014281727404, 8.008584225118085, 18.639182608665685, 8.4218729329173, -78.42845963352146, 13.604753915159243, -18.639190647511345, -8.421894857530718, -18.798014281727404, -8.008584232941983, -18.639182608665685, -8.421872946790769, 78.42845963352146, -13.60475387830471)","0,1784","0,058","0,01805",100,"(0.010563590485869054, 0.00031228895192263043, 0.00031229146044560327, 0.00031229020619210756, 0.00031228895192263043, 0.010563592994376045, 0.0003122927147310621, 0.00031229146044560327, 0.00031229146044560327, 0.0003122927147310621, 0.010563598011485919, 0.0003122939690005392, 0.00031229020619210756, 0.00031229146044560327, 0.0003122939690005392, 0.010563595502915002)","1,6","3,4","(0.16215723150212674, -0.07360584014734914, -0.0028892678421646822, -0.07360363839776872, -0.07360584014734914, 0.19551688844489662, -0.07360324611619283, -0.041507069948480385, -0.0028892678421646822, -0.07360324611619283, 0.1621664360955052, -0.07360104173828012, -0.07360363839776872, -0.041507069948480385, -0.07360104173828012, 0.19551937320234306)",39,"88,5",tap-quadruplex__4_ca-16mm2-xlpe-1kv,"0,005367",,59,0,4,,"(0.00529654751242214, 0.004706500069459397, 0.00448421403289628, 0.004706498780434644, 0.004706500069459397, 0.005296544934373827, 0.004706496202385543, 0.004706497491410648, 0.00448421403289628, 0.004706496202385543, 0.0052965397782745805, 0.0047064949133610685, 0.004706498780434644, 0.004706497491410648, 0.0047064949133610685, 0.00529654235632464)"
_an_l12-ramal,bus_33998182_004.1.4,bus_33998182_018.1.4,"2,079310345","0,4047","0,1206","0,155081",0,"(59.41475479237137, -20.77342279870792, -19.159927968198954, -16.25078929484958, -59.41475479237137, 20.773422828442218, 19.159927968198954, 16.250789269301652, -19.159927968198954, -16.25078929484958, 59.41475591808131, -20.773384496678357, 19.159927968198954, 16.250789269301652, -59.41475591808131, 20.773384526415715, -59.41475479237137, 20.773422828442218, 19.159927968198954, 16.250789269301652, 59.41475479237137, -20.77342279870792, -19.159927968198954, -16.25078929484958, 19.159927968198954, 16.250789269301652, -59.41475591808131, 20.773384526415715, -19.159927968198954, -16.25078929484958, 59.41475591808131, -20.773384496678357)","0,1784","0,058","0,01805",100,"(0.013071139261534637, 0.0003864205812039848, 0.0003864205812039848, 0.013071145469509693)","1,6","3,4","(0.1577453549020275, -0.13553596343280797, -0.13553596343280797, 0.15776157792403633)",39,"88,5",tap-duplex__2_ca-16mm2-xlpe-1kv,"0,006641",,59,0,2,,"(0.0065538237432449095, 0.0058237112727532086, 0.0058237112727532086, 0.006553817363210721)"
_bcn_l13-ramal,bus_33998182_004.2.3.4,bus_33998182_019.2.3.4,"2,079310345","0,4047","0,1206","0,155081",0,"(60.34432621744579, -14.41078711377391, -17.122191230746264, -9.951949273195012, -17.122189683887335, -9.951941881878659, -60.34432621744579, 14.410787152124323, 17.122191230746264, 9.951949255471362, 17.122189683887335, 9.951941864155538, -17.122191230746264, -9.951949273195012, 60.34432931123128, -14.4107723312578, -17.122188136999938, -9.951934490624701, 17.122191230746264, 9.951949255471362, -60.34432931123128, 14.410772369609273, 17.122188136999938, 9.951934472902112, -17.122189683887335, -9.951941881878659, -17.122188136999938, -9.951934490624701, 60.34433240493844, -14.4107575486333, 17.122189683887335, 9.951941864155538, 17.122188136999938, 9.951934472902112, -60.34433240493844, 14.410757586985834, -60.34432621744579, 14.410787152124323, 17.122191230746264, 9.951949255471362, 17.122189683887335, 9.951941864155538, 60.34432621744579, -14.41078711377391, -17.122191230746264, -9.951949273195012, -17.122189683887335, -9.951941881878659, 17.122191230746264, 9.951949255471362, -60.34432931123128, 14.410772369609273, 17.122188136999938, 9.951934472902112, -17.122191230746264, -9.951949273195012, 60.34432931123128, -14.4107723312578, -17.122188136999938, -9.951934490624701, 17.122189683887335, 9.951941864155538, 17.122188136999938, 9.951934472902112, -60.34433240493844, 14.410757586985834, -17.122189683887335, -9.951941881878659, -17.122188136999938, -9.951934490624701, 60.34433240493844, -14.4107575486333)","0,1784","0,058","0,01805",100,"(0.01325812288295397, 0.00039194678221554657, 0.00039194835642072603, 0.00039194678221554657, 0.013258126031324211, 0.00039194993060584753, 0.00039194835642072603, 0.00039194993060584753, 0.013258129179734571)","1,6","3,4","(0.20345525641949794, -0.09402688618899521, -0.09402407353023678, -0.09402688618899521, 0.20346088071354276, -0.09402125908390699, -0.09402407353023678, -0.09402125908390699, 0.20346651067703553)",39,"88,5",tap-triplex__3_ca-16mm2-xlpe-1kv,"0,006736",,59,0,3,,"(0.006647576680394174, 0.005907021514417458, 0.00590701989659172, 0.005907021514417458, 0.006647573444744195, 0.005907018278766931, 0.00590701989659172, 0.005907018278766931, 0.006647570209093121)"
_abcn_l14-ramal,bus_33998182_005.1.2.3.4,bus_33998182_020.1.2.3.4,"2,079310345","0,4047","0,1206","0,155081",0,"(84.58907454881891, -15.497502673865803, -20.031347399152324, -9.050931031739813, -19.591189288924127, -7.242067739922412, -20.031344854864518, -9.05092304573029, -84.58907454881891, 15.497502702307427, 20.031347399152324, 9.050931018829692, 19.591189288924127, 7.242067739415647, 20.031344854864518, 9.050923032820554, -20.031347399152324, -9.050931031739813, 84.28624664569625, -14.620903725908176, -20.03133875987152, -9.050907484485709, -20.202030967166795, -8.606742405399643, 20.031347399152324, 9.050931018829692, -84.28624664569625, 14.620903760200928, 20.03133875987152, 9.050907471576043, 20.202030967166795, 8.606742398119497, -19.591189288924127, -7.242067739922412, -20.03133875987152, -9.050907484485709, 84.58909082092944, -15.497455168601011, -20.03133621560047, -9.050899498485398, 19.591189288924127, 7.242067739415647, 20.03133875987152, 9.050907471576043, -84.58909082092944, 15.49745519704425, 20.03133621560047, 9.050899485576117, -20.031344854864518, -9.05092304573029, -20.202030967166795, -8.606742405399643, -20.03133621560047, -9.050899498485398, 84.28625207310967, -14.620887883740387, 20.031344854864518, 9.050923032820554, 20.202030967166795, 8.606742398119497, 20.03133621560047, 9.050899485576117, -84.28625207310967, 14.620887918033576, -84.58907454881891, 15.497502702307427, 20.031347399152324, 9.050931018829692, 19.591189288924127, 7.242067739415647, 20.031344854864518, 9.050923032820554, 84.58907454881891, -15.497502673865803, -20.031347399152324, -9.050931031739813, -19.591189288924127, -7.242067739922412, -20.031344854864518, -9.05092304573029, 20.031347399152324, 9.050931018829692, -84.28624664569625, 14.620903760200928, 20.03133875987152, 9.050907471576043, 20.202030967166795, 8.606742398119497, -20.031347399152324, -9.050931031739813, 84.28624664569625, -14.620903725908176, -20.03133875987152, -9.050907484485709, -20.202030967166795, -8.606742405399643, 19.591189288924127, 7.242067739415647, 20.03133875987152, 9.050907471576043, -84.58909082092944, 15.49745519704425, 20.03133621560047, 9.050899485576117, -19.591189288924127, -7.242067739922412, -20.03133875987152, -9.050907484485709, 84.58909082092944, -15.497455168601011, -20.03133621560047, -9.050899498485398, 20.031344854864518, 9.050923032820554, 20.202030967166795, 8.606742398119497, 20.03133621560047, 9.050899485576117, -84.28625207310967, 14.620887918033576, -20.031344854864518, -9.05092304573029, -20.202030967166795, -8.606742405399643, -20.03133621560047, -9.050899498485398, 84.28625207310967, -14.620887883740387)","0,1784","0,058","0,01805",100,"(0.009829433740717358, 0.0002905852479786876, 0.00029058758216235194, 0.00029058641507795515, 0.0002905852479786876, 0.009829436074886152, 0.0002905887492764904, 0.00029058758216235194, 0.00029058758216235194, 0.0002905887492764904, 0.009829440743312963, 0.0002905899163757579, 0.00029058641507795515, 0.00029058758216235194, 0.0002905899163757579, 0.009829438409084686)","1,6","3,4","(0.15088750030214662, -0.06849032340150206, -0.002688467226340679, -0.06848827467085093, -0.06849032340150206, 0.181928701489438, -0.06848790965236948, -0.038622378856476805, -0.002688467226340679, -0.06848790965236948, 0.150896065187433, -0.06848585847605196, -0.06848827467085093, -0.038622378856476805, -0.06848585847605196, 0.18193101355925118)",39,"88,5",tap-quadruplex__4_ca-16mm2-xlpe-1kv,"0,004994",,59,0,4,,"(0.004928443874983448, 0.004379404014697266, 0.004172566588463577, 0.004379402815258172, 0.004379404014697266, 0.00492844147610637, 0.004379400416380362, 0.004379401615819783, 0.004172566588463577, 0.004379400416380362, 0.004928436678349777, 0.004379399216941526, 0.004379402815258172, 0.004379401615819783, 0.004379399216941526, 0.00492843907722848)"
_acn_l15-ramal,bus_33998182_005.1.3.4,bus_33998182_021.1.3.4,"2,079310345","0,4047","0,1206","0,155081",0,"(60.55107722340456, -14.460161179821569, -17.180855076762526, -9.986046522184965, -17.18085352460377, -9.98603910554458, -60.55107722340456, 14.460161218041033, 17.180855076762526, 9.986046504521832, 17.18085352460377, 9.986039087881974, -17.180855076762526, -9.986046522184965, 60.55108032778994, -14.460146346657785, -17.18085197241644, -9.986031688966806, 17.180855076762526, 9.986046504521832, -60.55108032778994, 14.460146384878307, 17.18085197241644, 9.98603167130473, -17.18085352460377, -9.98603910554458, -17.18085197241644, -9.986031688966806, 60.55108343209673, -14.460131513385237, 17.18085352460377, 9.986039087881974, 17.18085197241644, 9.98603167130473, -60.55108343209673, 14.460131551606816, -60.55107722340456, 14.460161218041033, 17.180855076762526, 9.986046504521832, 17.18085352460377, 9.986039087881974, 60.55107722340456, -14.460161179821569, -17.180855076762526, -9.986046522184965, -17.18085352460377, -9.98603910554458, 17.180855076762526, 9.986046504521832, -60.55108032778994, 14.460146384878307, 17.18085197241644, 9.98603167130473, -17.180855076762526, -9.986046522184965, 60.55108032778994, -14.460146346657785, -17.18085197241644, -9.986031688966806, 17.18085352460377, 9.986039087881974, 17.18085197241644, 9.98603167130473, -60.55108343209673, 14.460131551606816, -17.18085352460377, -9.98603910554458, -17.18085197241644, -9.986031688966806, 60.55108343209673, -14.460131513385237)","0,1784","0,058","0,01805",100,"(0.013212853164084026, 0.00039060848411712657, 0.0003906100529471992, 0.00039060848411712657, 0.013212856301704191, 0.00039061162175728245, 0.0003906100529471992, 0.00039061162175728245, 0.013212859439364339)","1,6","3,4","(0.20276056062115347, -0.09370583239114087, -0.09370302933617572, -0.09370583239114087, 0.20276616571110637, -0.09370022449974282, -0.09370302933617572, -0.09370022449974282, 0.20277177645114897)",39,"88,5",tap-triplex__3_ca-16mm2-xlpe-1kv,"0,006713",,59,0,3,,"(0.006624878600873826, 0.0058868520525956645, 0.005886850440293975, 0.0058868520525956645, 0.0066248753762719395, 0.005886848827993232, 0.005886850440293975, 0.005886848827993232, 0.006624872151668961)"
_bn_l16-ramal,bus_33998182_006.2.4,bus_33998182_022.2.4,"2,079310345","0,4047","0,1206","0,155081",0,"(78.85159603839693, -27.569204814462648, -25.427874028139342, -21.56704469099945, -78.85159603839693, 27.56920483686747, 25.427874028139342, 21.56704467174906, -25.427874028139342, -21.56704469099945, 78.85159753236971, -27.5691539823744, 25.427874028139342, 21.56704467174906, -78.85159753236971, 27.569154004781527, -78.85159603839693, 27.56920483686747, 25.427874028139342, 21.56704467174906, 78.85159603839693, -27.569204814462648, -25.427874028139342, -21.56704469099945, 25.427874028139342, 21.56704467174906, -78.85159753236971, 27.569154004781527, -25.427874028139342, -21.56704469099945, 78.85159753236971, -27.5691539823744)","0,1784","0,058","0,01805",100,"(0.00984911622718255, 0.00029116828615340155, 0.00029116828615340155, 0.009849120904897831)","1,6","3,4","(0.11886127931482392, -0.10212648110491959, -0.10212648110491959, 0.11887350337778614)",39,"88,5",tap-duplex__2_ca-16mm2-xlpe-1kv,"0,005004",,59,0,2,,"(0.0049383126052096864, 0.004388172144083278, 0.004388172144083278, 0.004938307797847681)"
_abcn_l17-sec,bus_33998182_006.1.2.3.4,bus_33998182_007.1.2.3.4,"2,079310345","0,4047","0,1206","0,155081",0,"(41.324710421381084, -21.82604755527293, -11.055480869519373, -1.5739384643396117, -8.254400696578003, 0.7879714272550344, -14.441438328220162, 9.979070411231683, -41.324710421381084, 21.826047591105247, 11.055480869519373, 1.5739384510363907, 8.254400696578003, -0.7879714333399909, 14.441438328220162, -9.97907041676231, -11.055480869519373, -1.5739384643396117, 42.66350214843377, -20.141391732436706, -9.683340789201601, -0.6117668894475141, -16.07561277646097, 9.963940324131862, 11.055480869519373, 1.5739384510363907, -42.66350214843377, 20.1413917726719, 9.683340789201601, 0.6117668778226129, 16.07561277646097, -9.963940331110969, -8.254400696578003, 0.7879714272550344, -9.683340789201601, -0.6117668894475141, 44.00298402002463, -19.546576644835927, -21.101935155770096, 7.686601944984281, 8.254400696578003, -0.7879714333399909, 9.683340789201601, 0.6117668778226129, -44.00298402002463, 19.546576685545052, 21.101935155770096, -7.68660195984187, -14.441438328220162, 9.979070411231683, -16.07561277646097, 9.963940324131862, -21.101935155770096, 7.686601944984281, 53.387202641365775, -58.94677017785296, 14.441438328220162, -9.97907041676231, 16.07561277646097, -9.963940331110969, 21.101935155770096, -7.68660195984187, -53.387202641365775, 58.94677021788615, -41.324710421381084, 21.826047591105247, 11.055480869519373, 1.5739384510363907, 8.254400696578003, -0.7879714333399909, 14.441438328220162, -9.97907041676231, 41.324710421381084, -21.82604755527293, -11.055480869519373, -1.5739384643396117, -8.254400696578003, 0.7879714272550344, -14.441438328220162, 9.979070411231683, 11.055480869519373, 1.5739384510363907, -42.66350214843377, 20.1413917726719, 9.683340789201601, 0.6117668778226129, 16.07561277646097, -9.963940331110969, -11.055480869519373, -1.5739384643396117, 42.66350214843377, -20.141391732436706, -9.683340789201601, -0.6117668894475141, -16.07561277646097, 9.963940324131862, 8.254400696578003, -0.7879714333399909, 9.683340789201601, 0.6117668778226129, -44.00298402002463, 19.546576685545052, 21.101935155770096, -7.68660195984187, -8.254400696578003, 0.7879714272550344, -9.683340789201601, -0.6117668894475141, 44.00298402002463, -19.546576644835927, -21.101935155770096, 7.686601944984281, 14.441438328220162, -9.97907041676231, 16.07561277646097, -9.963940331110969, 21.101935155770096, -7.68660195984187, -53.387202641365775, 58.94677021788615, -14.441438328220162, 9.979070411231683, -16.07561277646097, 9.963940324131862, -21.101935155770096, 7.686601944984281, 53.387202641365775, -58.94677017785296)","0,1784","0,058","0,01805",100,"(0.01773006854421153, 0.0011246637925976621, 0.001124882062667637, 0.0011251003999111565, 0.0011246637925976621, 0.01773050501719913, 0.0011251003999111565, 0.0011253188043494169, 0.001124882062667637, 0.0011251003999111565, 0.01773094175888091, 0.0011255372760036154, 0.0011251003999111565, 0.0011253188043494169, 0.0011255372760036154, 0.006318951315681608)","1,6","3,4","(0.19009635141377518, -0.07057577932481154, -0.03228169645384872, -0.029340883110868136, -0.07057577932481154, 0.21345432040665108, -0.061672016833976336, -0.03702531316930448, -0.03228169645384872, -0.061672016833976336, 0.21596861019971106, -0.07882195752887351, -0.029340883110868136, -0.03702531316930448, -0.07882195752887351, 0.21238265239726445)",39,"142,5",sec-tradicional-ca-2awg-1kv-ca-2awg-1kv-ca-2awg-1kv-ca-4_0awg-1kv,"0,019317",,95,0,4,,"(0.018399876559384538, 0.012301299542296203, 0.011291529177829562, 0.01070075837622621, 0.012301299542296203, 0.018399428397821327, 0.012300851377202866, 0.011291081009245266, 0.011291529177829562, 0.012300851377202866, 0.01839898022923703, 0.012300403205166845, 0.01070075837622621, 0.011291081009245266, 0.012300403205166845, 0.01755098228432399)"
_bcn_l18-ramal,bus_33998182_006.2.3.4,bus_33998182_023.2.3.4,"2,079310345","0,4047","0,1206","0,155081",0,"(50.034389635735465, -11.948678222667633, -14.19683408792551, -8.251640861461293, -14.196832805350216, -8.251634732964426, -50.034389635735465, 11.948678268920416, 14.19683408792551, 8.25164084008556, 14.196832805350216, 8.251634711589332, -14.19683408792551, -8.251640861461293, 50.03439220094213, -11.948665965770562, -14.196831522751301, -8.251628604519288, 14.19683408792551, 8.25164084008556, -50.03439220094213, 11.948666012024624, 14.196831522751301, 8.251628583144834, -14.196832805350216, -8.251634732964426, -14.196831522751301, -8.251628604519288, 50.034394766083885, -11.948653708783626, 14.196832805350216, 8.251634711589332, 14.196831522751301, 8.251628583144834, -50.034394766083885, 11.948653755038968, -50.034389635735465, 11.948678268920416, 14.19683408792551, 8.25164084008556, 14.196832805350216, 8.251634711589332, 50.034389635735465, -11.948678222667633, -14.19683408792551, -8.251640861461293, -14.196832805350216, -8.251634732964426, 14.19683408792551, 8.25164084008556, -50.03439220094213, 11.948666012024624, 14.196831522751301, 8.251628583144834, -14.19683408792551, -8.251640861461293, 50.03439220094213, -11.948665965770562, -14.196831522751301, -8.251628604519288, 14.196832805350216, 8.251634711589332, 14.196831522751301, 8.251628583144834, -50.034394766083885, 11.948653755038968, -14.196832805350216, -8.251634732964426, -14.196831522751301, -8.251628604519288, 50.034394766083885, -11.948653708783626)","0,1784","0,058","0,01805",100,"(0.015990052004322748, 0.00047271016311150536, 0.00047271206169269264, 0.00047271016311150536, 0.01599005580143674, 0.00047271396024968894, 0.00047271206169269264, 0.00047271396024968894, 0.015990059598599116)","1,6","3,4","(0.24537863764133036, -0.11340178494646631, -0.11339839271966207, -0.11340178494646631, 0.24538542086057322, -0.11339499833694483, -0.11339839271966207, -0.11339499833694483, 0.24539221091749355)",39,"88,5",tap-triplex__3_ca-16mm2-xlpe-1kv,"0,008124",,59,0,3,,"(0.00801735643579606, 0.007124204688706565, 0.007124202737516497, 0.007124204688706565, 0.00801735253341773, 0.007124200786327575, 0.007124202737516497, 0.007124200786327575, 0.00801734863103808)"
_abcn_l19-sec,bus_33998182_007.1.2.3.4,bus_33998182_008.1.2.3.4,"2,079310345","0,4047","0,1206","0,155081",0,"(27.86393062107515, -14.271136574759646, -8.840605107622647, -0.10858836345153156, -7.306710142704664, 1.4300532250217146, -6.706796749688008, 1.6634112527614688, -27.86393062107515, 14.271136625960626, 8.840605107622647, 0.10858834425817532, 7.306710142704664, -1.4300532340388907, 6.706796749688008, -1.6634112598647057, -8.840605107622647, -0.10858836345153156, 28.53282148369158, -13.058916768108569, -8.469117930502783, 0.43683505193237027, -7.3063880083014645, 1.4302950234210432, 8.840605107622647, 0.10858834425817532, -28.53282148369158, 13.058916825547847, 8.469117930502783, -0.43683506896245516, 7.3063880083014645, -1.4302950323846304, -7.306710142704664, 1.4300532250217146, -8.469117930502783, 0.43683505193237027, 28.53315062394712, -13.058693299551335, -8.83996375513621, -0.10808809003465743, 7.306710142704664, -1.4300532340388907, 8.469117930502783, -0.43683506896245516, -28.53315062394712, 13.05869335703454, 8.83996375513621, 0.1080880709523746, -6.706796749688008, 1.6634112527614688, -7.3063880083014645, 1.4302950234210432, -8.83996375513621, -0.10808809003465743, 27.864857431094777, -14.270289497762587, 6.706796749688008, -1.6634112598647057, 7.3063880083014645, -1.4302950323846304, 8.83996375513621, 0.1080880709523746, -27.864857431094777, 14.270289549179044, -27.86393062107515, 14.271136625960626, 8.840605107622647, 0.10858834425817532, 7.306710142704664, -1.4300532340388907, 6.706796749688008, -1.6634112598647057, 27.86393062107515, -14.271136574759646, -8.840605107622647, -0.10858836345153156, -7.306710142704664, 1.4300532250217146, -6.706796749688008, 1.6634112527614688, 8.840605107622647, 0.10858834425817532, -28.53282148369158, 13.058916825547847, 8.469117930502783, -0.43683506896245516, 7.3063880083014645, -1.4302950323846304, -8.840605107622647, -0.10858836345153156, 28.53282148369158, -13.058916768108569, -8.469117930502783, 0.43683505193237027, -7.3063880083014645, 1.4302950234210432, 7.306710142704664, -1.4300532340388907, 8.469117930502783, -0.43683506896245516, -28.53315062394712, 13.05869335703454, 8.83996375513621, 0.1080880709523746, -7.306710142704664, 1.4300532250217146, -8.469117930502783, 0.43683505193237027, 28.53315062394712, -13.058693299551335, -8.83996375513621, -0.10808809003465743, 6.706796749688008, -1.6634112598647057, 7.3063880083014645, -1.4302950323846304, 8.83996375513621, 0.1080880709523746, -27.864857431094777, 14.270289549179044, -6.706796749688008, 1.6634112527614688, -7.3063880083014645, 1.4302950234210432, -8.83996375513621, -0.10808809003465743, 27.864857431094777, -14.270289497762587)","0,1784","0,058","0,01805",100,"(0.025390427402729385, 0.0016105800328534, 0.0016108926075257463, 0.0016112052783942808, 0.0016105800328534, 0.025391052455908246, 0.0016112052783942808, 0.0016115180454893577, 0.0016108926075257463, 0.0016112052783942808, 0.025391677893871853, 0.0016118309088413321, 0.0016112052783942808, 0.0016115180454893577, 0.0016118309088413321, 0.02539230371686306)","1,6","3,4","(0.2716296334710006, -0.10182391731701972, -0.047837604775104056, -0.037683841648079336, -0.10182391731701972, 0.3047248344217841, -0.09034740637123101, -0.04755330755282554, -0.047837604775104056, -0.09034740637123101, 0.30495788074456004, -0.10123465454962649, -0.037683841648079336, -0.04755330755282554, -0.10123465454962649, 0.2727727795886642)",39,"142,5",sec-tradicional-ca-2awg-1kv-ca-2awg-1kv-ca-2awg-1kv-ca-2awg-1kv,"0,027663",,95,0,4,,"(0.02634962909676733, 0.017616133418157057, 0.016170087055251806, 0.015324070971762988, 0.017616133418157057, 0.026348987304909217, 0.017615491621243613, 0.01616944525333912, 0.016170087055251806, 0.017615491621243613, 0.026348345502996532, 0.017614849814387868, 0.015324070971762988, 0.01616944525333912, 0.017614849814387868, 0.026347703691253988)"
_abcn_l20-sec,bus_33998182_007.1.2.3.4,bus_33998182_009.1.2.3.4,"2,079310345","0,4047","0,1206","0,155081",0,"(61.51635377260988, -31.506979424849035, -19.51777007918319, -0.23973499410578925, -16.131326630298403, 3.1571877543528277, -14.80687298376851, 3.672381934662654, -61.51635377260988, 31.5069794480406, 19.51777007918319, 0.2397349854121279, 16.131326630298403, -3.157187758437172, 14.80687298376851, -3.6723819378800764, -19.51777007918319, -0.23973499410578925, 62.993091835862764, -28.830711557792053, -18.69762245103739, 0.9644188680011544, -16.130615440833477, 3.157721582600426, 19.51777007918319, 0.2397349854121279, -62.993091835862764, 28.830711583809265, 18.69762245103739, -0.9644188757149585, 16.130615440833477, -3.1577215866604975, -16.131326630298403, 3.1571877543528277, -18.69762245103739, 0.9644188680011544, 62.99381849243806, -28.830218197079123, -19.516354138733668, -0.23863051995663784, 16.131326630298403, -3.157187758437172, 18.69762245103739, -0.9644188757149585, -62.99381849243806, 28.830218223116233, 19.516354138733668, 0.23863051131328739, -14.80687298376851, 3.672381934662654, -16.130615440833477, 3.157721582600426, -19.516354138733668, -0.23863051995663784, 61.51839992947923, -31.50510929825432, 14.80687298376851, -3.6723819378800764, 16.130615440833477, -3.1577215866604975, 19.516354138733668, 0.23863051131328739, -61.51839992947923, 31.50510932154349, -61.51635377260988, 31.5069794480406, 19.51777007918319, 0.2397349854121279, 16.131326630298403, -3.157187758437172, 14.80687298376851, -3.6723819378800764, 61.51635377260988, -31.506979424849035, -19.51777007918319, -0.23973499410578925, -16.131326630298403, 3.1571877543528277, -14.80687298376851, 3.672381934662654, 19.51777007918319, 0.2397349854121279, -62.993091835862764, 28.830711583809265, 18.69762245103739, -0.9644188757149585, 16.130615440833477, -3.1577215866604975, -19.51777007918319, -0.23973499410578925, 62.993091835862764, -28.830711557792053, -18.69762245103739, 0.9644188680011544, -16.130615440833477, 3.157721582600426, 16.131326630298403, -3.157187758437172, 18.69762245103739, -0.9644188757149585, -62.99381849243806, 28.830218223116233, 19.516354138733668, 0.23863051131328739, -16.131326630298403, 3.1571877543528277, -18.69762245103739, 0.9644188680011544, 62.99381849243806, -28.830218197079123, -19.516354138733668, -0.23863051995663784, 14.80687298376851, -3.6723819378800764, 16.130615440833477, -3.1577215866604975, 19.516354138733668, 0.23863051131328739, -61.51839992947923, 31.50510932154349, -14.80687298376851, 3.672381934662654, -16.130615440833477, 3.157721582600426, -19.516354138733668, -0.23863051995663784, 61.51839992947923, -31.50510929825432)","0,1784","0,058","0,01805",100,"(0.011500634615052569, 0.0007295147963580632, 0.0007296563775547699, 0.0007297980023236937, 0.0007295147963580632, 0.011500917733887514, 0.0007297980023236937, 0.0007299396706785833, 0.0007296563775547699, 0.0007297980023236937, 0.011501201027011326, 0.0007300813826331884, 0.0007297980023236937, 0.0007299396706785833, 0.0007300813826331884, 0.011501484494534003)","1,6","3,4","(0.12303507600013149, -0.046121305859171347, -0.021668119431444664, -0.017068956217707192, -0.046121305859171347, 0.13802560009055254, -0.04092300190982629, -0.02153934655087677, -0.021668119431444664, -0.04092300190982629, 0.13813115879439458, -0.04585439834822036, -0.017068956217707192, -0.02153934655087677, -0.04585439834822036, 0.1235528658585823)",39,"142,5",sec-tradicional-ca-2awg-1kv-ca-2awg-1kv-ca-2awg-1kv-ca-2awg-1kv,"0,01253",,95,0,4,,"(0.011935106553247825, 0.007979255747008926, 0.007324266739048734, 0.006941062403795331, 0.007979255747008926, 0.011934815852601397, 0.007978965044072677, 0.0073239760338480705, 0.007324266739048734, 0.007978965044072677, 0.011934525147400735, 0.007978674336633046, 0.006941062403795331, 0.0073239760338480705, 0.007978674336633046, 0.011934234437747621)"
_abcn_l21-sec,bus_33998182_007.1.2.3.4,bus_33998182_010.1.2.3.4,"2,079310345","0,4047","0,1206","0,155081",0,"(60.69566843140346, -32.05700737503936, -16.23773752710658, -2.311722109017208, -12.123651023098944, 1.1573330385751668, -21.21086254457337, 14.656759670854106, -60.69566843140346, 32.05700739943583, 16.23773752710658, 2.311722099959696, 12.123651023098944, -1.1573330427181159, 21.21086254457337, -14.656759674619638, -16.23773752710658, -2.311722109017208, 62.662018780512085, -29.582669138717666, -14.22240678413985, -0.8985326097167865, -23.61105626542705, 14.634537356567492, 16.23773752710658, 2.311722099959696, -62.662018780512085, 29.582669166111838, 14.22240678413985, 0.89853260180196, 23.61105626542705, -14.634537361319225, -12.123651023098944, 1.1573330385751668, -14.22240678413985, -0.8985326097167865, 64.62938277941115, -28.709034479177447, -30.993467260037313, 11.289696618401942, 12.123651023098944, -1.1573330427181159, 14.22240678413985, 0.89853260180196, -64.62938277941115, 28.709034506894298, 30.993467260037313, -11.289696628517747, -21.21086254457337, 14.656759670854106, -23.61105626542705, 14.634537356567492, -30.993467260037313, 11.289696618401942, 78.41245387950597, -86.57806873026364, 21.21086254457337, -14.656759674619638, 23.61105626542705, -14.634537361319225, 30.993467260037313, -11.289696628517747, -78.41245387950597, 86.57806875752027, -60.69566843140346, 32.05700739943583, 16.23773752710658, 2.311722099959696, 12.123651023098944, -1.1573330427181159, 21.21086254457337, -14.656759674619638, 60.69566843140346, -32.05700737503936, -16.23773752710658, -2.311722109017208, -12.123651023098944, 1.1573330385751668, -21.21086254457337, 14.656759670854106, 16.23773752710658, 2.311722099959696, -62.662018780512085, 29.582669166111838, 14.22240678413985, 0.89853260180196, 23.61105626542705, -14.634537361319225, -16.23773752710658, -2.311722109017208, 62.662018780512085, -29.582669138717666, -14.22240678413985, -0.8985326097167865, -23.61105626542705, 14.634537356567492, 12.123651023098944, -1.1573330427181159, 14.22240678413985, 0.89853260180196, -64.62938277941115, 28.709034506894298, 30.993467260037313, -11.289696628517747, -12.123651023098944, 1.1573330385751668, -14.22240678413985, -0.8985326097167865, 64.62938277941115, -28.709034479177447, -30.993467260037313, 11.289696618401942, 21.21086254457337, -14.656759674619638, 23.61105626542705, -14.634537361319225, 30.993467260037313, -11.289696628517747, -78.41245387950597, 86.57806875752027, -21.21086254457337, 14.656759670854106, -23.61105626542705, 14.634537356567492, -30.993467260037313, 11.289696618401942, 78.41245387950597, -86.57806873026364)","0,1784","0,058","0,01805",100,"(0.012071536030101469, 0.0007657285396409616, 0.000765877149050306, 0.00076602580419483, 0.0007657285396409616, 0.01207183320319941, 0.00076602580419483, 0.0007661745050889648, 0.000765877149050306, 0.00076602580419483, 0.012072130559238068, 0.0007663232517471425, 0.00076602580419483, 0.0007661745050889648, 0.0007663232517471425, 0.004302264725570457)","1,6","3,4","(0.12942730309022993, -0.04805159443391425, -0.021979027372833176, -0.019976771479740005, -0.04805159443391425, 0.14533060112793267, -0.04198945826994134, -0.025208723859951983, -0.021979027372833176, -0.04198945826994134, 0.14704245800831392, -0.05366601363667984, -0.019976771479740005, -0.025208723859951983, -0.05366601363667984, 0.14460095482366944)",39,"142,5",sec-tradicional-ca-2awg-1kv-ca-2awg-1kv-ca-2awg-1kv-ca-4_0awg-1kv,"0,013152",,95,0,4,,"(0.012527575529793729, 0.008375352879861245, 0.00768784965299034, 0.007285622724239122, 0.008375352879861245, 0.012527270398516649, 0.008375047746180676, 0.007687544516932948, 0.00768784965299034, 0.008375047746180676, 0.012526965262459257, 0.008374742607773171, 0.007285622724239122, 0.007687544516932948, 0.008374742607773171, 0.011949604959539738)"
_bcn_l22-ramal,bus_33998182_008.2.3.4,bus_33998182_024.2.3.4,"2,079310345","0,4047","0,1206","0,155081",0,"(81.39354853838904, -19.437537467904903, -23.09472970170341, -13.423374099014191, -23.09472761527135, -13.423364129469672, -81.39354853838904, 19.437537496337498, 23.09472970170341, 13.423374085874062, 23.09472761527135, 13.423364116329935, -23.09472970170341, -13.423374099014191, 81.3935527113444, -19.43751752897312, -23.094725528800883, -13.423354160009323, 23.09472970170341, 13.423374085874062, -81.3935527113444, 19.4375175574065, 23.094725528800883, 13.42335414686998, -23.09472761527135, -13.423364129469672, -23.094725528800883, -13.423354160009323, 81.39355688419413, -19.43749758989514, 23.09472761527135, 13.423364116329935, 23.094725528800883, 13.42335414686998, -81.39355688419413, 19.43749761832931, -81.39354853838904, 19.437537496337498, 23.09472970170341, 13.423374085874062, 23.09472761527135, 13.423364116329935, 81.39354853838904, -19.437537467904903, -23.09472970170341, -13.423374099014191, -23.09472761527135, -13.423364129469672, 23.09472970170341, 13.423374085874062, -81.3935527113444, 19.4375175574065, 23.094725528800883, 13.42335414686998, -23.09472970170341, -13.423374099014191, 81.3935527113444, -19.43751752897312, -23.094725528800883, -13.423354160009323, 23.09472761527135, 13.423364116329935, 23.094725528800883, 13.42335414686998, -81.39355688419413, 19.43749761832931, -23.09472761527135, -13.423364129469672, -23.094725528800883, -13.423354160009323, 81.39355688419413, -19.43749758989514)","0,1784","0,058","0,01805",100,"(0.009829433740717358, 0.0002905852479786876, 0.00029058641507795515, 0.0002905852479786876, 0.009829436074886152, 0.00029058758216235194, 0.00029058641507795515, 0.00029058758216235194, 0.009829438409084686)","1,6","3,4","(0.15083960073618954, -0.0697105507167224, -0.06970846544091487, -0.0697105507167224, 0.15084377052901313, -0.0697063788398206, -0.06970846544091487, -0.0697063788398206, 0.15084794452510622)",39,"88,5",tap-triplex__3_ca-16mm2-xlpe-1kv,"0,004994",,59,0,3,,"(0.004928443874983448, 0.004379404014697266, 0.004379402815258172, 0.004379404014697266, 0.00492844147610637, 0.004379401615819783, 0.004379402815258172, 0.004379401615819783, 0.00492843907722848)"
_abcn_l23-sec,bus_33998182_008.1.2.3.4,bus_33998182_011.1.2.3.4,"2,079310345","0,4047","0,1206","0,155081",0,"(21.002722418822934, -10.757014986131137, -6.663696433029028, -0.08184959950200385, -5.507507429908422, 1.0779172254544553, -5.055316580016875, 1.2538132244083446, -21.002722418822934, 10.757015054058549, 6.663696433029028, 0.0818495740385265, 5.507507429908422, -1.077917237417379, 5.055316580016875, -1.25381323383208, -6.663696433029028, -0.08184959950200385, 21.506905741235975, -9.843291916851667, -6.383684177425027, 0.32926887421053885, -5.507264617810449, 1.0780994834993451, 6.663696433029028, 0.0818495740385265, -21.506905741235975, 9.843291993055315, 6.383684177425027, -0.32926889680404337, 5.507264617810449, -1.0780994953911738, -5.507507429908422, 1.0779172254544553, -6.383684177425027, 0.32926887421053885, 21.50715383406673, -9.843123475118082, -6.663213007039043, -0.08147251323861332, 5.507507429908422, -1.077917237417379, 6.383684177425027, -0.32926889680404337, -21.50715383406673, 9.843123551380009, 6.663213007039043, 0.08147248792249506, -5.055316580016875, 1.2538132244083446, -5.507264617810449, 1.0780994834993451, -6.663213007039043, -0.08147251323861332, 21.00342101134536, -10.756376493065737, 5.055316580016875, -1.25381323383208, 5.507264617810449, -1.0780994953911738, 6.663213007039043, 0.08147248792249506, -21.00342101134536, 10.756376561279017, -21.002722418822934, 10.757015054058549, 6.663696433029028, 0.0818495740385265, 5.507507429908422, -1.077917237417379, 5.055316580016875, -1.25381323383208, 21.002722418822934, -10.757014986131137, -6.663696433029028, -0.08184959950200385, -5.507507429908422, 1.0779172254544553, -5.055316580016875, 1.2538132244083446, 6.663696433029028, 0.0818495740385265, -21.506905741235975, 9.843291993055315, 6.383684177425027, -0.32926889680404337, 5.507264617810449, -1.0780994953911738, -6.663696433029028, -0.08184959950200385, 21.506905741235975, -9.843291916851667, -6.383684177425027, 0.32926887421053885, -5.507264617810449, 1.0780994834993451, 5.507507429908422, -1.077917237417379, 6.383684177425027, -0.32926889680404337, -21.50715383406673, 9.843123551380009, 6.663213007039043, 0.08147248792249506, -5.507507429908422, 1.0779172254544553, -6.383684177425027, 0.32926887421053885, 21.50715383406673, -9.843123475118082, -6.663213007039043, -0.08147251323861332, 5.055316580016875, -1.25381323383208, 5.507264617810449, -1.0780994953911738, 6.663213007039043, 0.08147248792249506, -21.00342101134536, 10.756376561279017, -5.055316580016875, 1.2538132244083446, -5.507264617810449, 1.0780994834993451, -6.663213007039043, -0.08147251323861332, 21.00342101134536, -10.756376493065737)","0,1784","0,058","0,01805",100,"(0.033685019183753336, 0.0021367272965954445, 0.002137141983739829, 0.0021375567985059507, 0.0021367272965954445, 0.03368584843046064, 0.0021375567985059507, 0.002137971740934079, 0.002137141983739829, 0.0021375567985059507, 0.03368667818765489, 0.0021383868110644868, 0.0021375567985059507, 0.002137971740934079, 0.0021383868110644868, 0.03368750845565826)","1,6","3,4","(0.36036610448562056, -0.13508794293947235, -0.06346528197398398, -0.04999446873023576, -0.13508794293947235, 0.40427290688932793, -0.11986226417323423, -0.06308811000935176, -0.06346528197398398, -0.11986226417323423, 0.40458208521582456, -0.13430617872144354, -0.04999446873023576, -0.06308811000935176, -0.13430617872144354, 0.36188269569113896)",39,"142,5",sec-tradicional-ca-2awg-1kv-ca-2awg-1kv-ca-2awg-1kv-ca-2awg-1kv,"0,0367",,95,0,4,,"(0.03495757466114886, 0.02337100446250819, 0.02145256099944841, 0.020330166817181857, 0.02337100446250819, 0.03495672320753961, 0.023370153002192123, 0.02145170953249994, 0.02145256099944841, 0.023370153002192123, 0.03495587174059114, 0.02336930152868578, 0.020330166817181857, 0.02145170953249994, 0.02336930152868578, 0.03495502026060158)"
_bn_l24-ramal,bus_33998182_008.2.4,bus_33998182_025.2.4,"2,079310345","0,4047","0,1206","0,155081",0,"(78.85159603839693, -27.569204814462648, -25.427874028139342, -21.56704469099945, -78.85159603839693, 27.56920483686747, 25.427874028139342, 21.56704467174906, -25.427874028139342, -21.56704469099945, 78.85159753236971, -27.5691539823744, 25.427874028139342, 21.56704467174906, -78.85159753236971, 27.569154004781527, -78.85159603839693, 27.56920483686747, 25.427874028139342, 21.56704467174906, 78.85159603839693, -27.569204814462648, -25.427874028139342, -21.56704469099945, 25.427874028139342, 21.56704467174906, -78.85159753236971, 27.569154004781527, -25.427874028139342, -21.56704469099945, 78.85159753236971, -27.5691539823744)","0,1784","0,058","0,01805",100,"(0.00984911622718255, 0.00029116828615340155, 0.00029116828615340155, 0.009849120904897831)","1,6","3,4","(0.11886127931482392, -0.10212648110491959, -0.10212648110491959, 0.11887350337778614)",39,"88,5",tap-duplex__2_ca-16mm2-xlpe-1kv,"0,005004",,59,0,2,,"(0.0049383126052096864, 0.004388172144083278, 0.004388172144083278, 0.004938307797847681)"
_abn_l25-ramal,bus_33998182_009.1.2.4,bus_33998182_026.1.2.4,"2,079310345","0,4047","0,1206","0,155081",0,"(77.91439168117975, -18.606682404016293, -22.107548424440633, -12.849593685349472, -22.10754642719284, -12.849584141951832, -77.91439168117975, 18.606682433718504, 22.107548424440633, 12.84959367162259, 22.10754642719284, 12.84958412822536, -22.107548424440633, -12.849593685349472, 77.91439567576266, -18.606663317371545, -22.10754442990829, -12.84957459863475, 22.107548424440633, 12.84959367162259, -77.91439567576266, 18.60666334707458, 22.10754442990829, 12.849574584908687, -22.10754642719284, -12.849584141951832, -22.10754442990829, -12.84957459863475, 77.91439967024445, -18.606644230586838, 22.10754642719284, 12.84958412822536, 22.10754442990829, 12.849574584908687, -77.91439967024445, 18.606644260290693, -77.91439168117975, 18.606682433718504, 22.107548424440633, 12.84959367162259, 22.10754642719284, 12.84958412822536, 77.91439168117975, -18.606682404016293, -22.107548424440633, -12.849593685349472, -22.10754642719284, -12.849584141951832, 22.107548424440633, 12.84959367162259, -77.91439567576266, 18.60666334707458, 22.10754442990829, 12.849574584908687, -22.107548424440633, -12.849593685349472, 77.91439567576266, -18.606663317371545, -22.10754442990829, -12.84957459863475, 22.10754642719284, 12.84958412822536, 22.10754442990829, 12.849574584908687, -77.91439967024445, 18.606644260290693, -22.10754642719284, -12.849584141951832, -22.10754442990829, -12.84957459863475, 77.91439967024445, -18.606644230586838)","0,1784","0,058","0,01805",100,"(0.010268353188891162, 0.00030356092084597784, 0.0003035621400604109, 0.00030356092084597784, 0.010268355627288958, 0.0003035633592593092, 0.0003035621400604109, 0.0003035633592593092, 0.010268358065717825)","1,6","3,4","(0.15757512956361655, -0.07282337666983196, -0.07282119827898537, -0.07282337666983196, 0.15757948555263548, -0.07281901850367323, -0.07282119827898537, -0.07281901850367323, 0.15758384593261499)",39,"88,5",tap-triplex__3_ca-16mm2-xlpe-1kv,"0,005217",,59,0,3,,"(0.0051485165590285644, 0.004574960101056396, 0.004574958848058047, 0.004574960101056396, 0.0051485140530330275, 0.004574957595060434, 0.004574958848058047, 0.004574957595060434, 0.005148511547036641)"
_cn_l26-ramal,bus_33998182_009.3.4,bus_33998182_027.3.4,"2,079310345","0,4047","0,1206","0,155081",0,"(57.36745951964789, -20.05761860887958, -18.499721087061534, -15.690824617537341, -57.36745951964789, 20.057618639675017, 18.499721087061534, 15.690824591077675, -18.499721087061534, -15.690824617537341, 57.367460606568486, -20.05758162664931, 18.499721087061534, 15.690824591077675, -57.367460606568486, 20.057581657447916, -57.36745951964789, 20.057618639675017, 18.499721087061534, 15.690824591077675, 57.36745951964789, -20.05761860887958, -18.499721087061534, -15.690824617537341, 18.499721087061534, 15.690824591077675, -57.367460606568486, 20.057581657447916, -18.499721087061534, -15.690824617537341, 57.367460606568486, -20.05758162664931)","0,1784","0,058","0,01805",100,"(0.01353761419075971, 0.00040021092569206555, 0.00040021092569206555, 0.013537620620281233)","1,6","3,4","(0.163374875924732, -0.14037288909665008, -0.14037288909665008, 0.16339167790415932)",39,"88,5",tap-duplex__2_ca-16mm2-xlpe-1kv,"0,006878",,59,0,2,,"(0.0067877126496067594, 0.0060315443659082315, 0.0060315443659082315, 0.006787706041885761)"
_abcn_l27-sec,bus_33998182_009.1.2.3.4,bus_33998182_012.1.2.3.4,"2,079310345","0,4047","0,1206","0,155081",0,"(21.013028536361205, -10.762293495269004, -6.666966334773603, -0.08188976339368216, -5.510209985214521, 1.0784461636390874, -5.057797243515058, 1.254428475440964, -21.013028536361205, 10.762293563163098, 6.666966334773603, 0.08188973794269372, 5.510209985214521, -1.0784461755961439, 5.057797243515058, -1.2544284848600773, -6.666966334773603, -0.08188976339368216, 21.517459263490547, -9.848122058535491, -6.38681667606724, 0.32943044774930136, -5.509967053967705, 1.078628511118641, 6.666966334773603, 0.08188973794269372, -21.517459263490547, 9.848122134701764, 6.38681667606724, -0.32943047033172457, 5.509967053967705, -1.078628523004637, -5.510209985214521, 1.0784461636390874, -6.38681667606724, 0.32943044774930136, 21.51770747806142, -9.847953534146944, -6.666482671564606, -0.08151249209274108, 5.510209985214521, -1.0784461755961439, 6.38681667606724, -0.32943047033172457, -21.51770747806142, 9.847953610371468, 6.666482671564606, 0.08151246678903945, -5.057797243515058, 1.254428475440964, -5.509967053967705, 1.078628511118641, -6.666482671564606, -0.08151249209274108, 21.01372747168569, -10.761654688892854, 5.057797243515058, -1.2544284848600773, 5.509967053967705, -1.078628523004637, 6.666482671564606, 0.08151246678903945, -21.01372747168569, 10.761654757072678, -21.013028536361205, 10.762293563163098, 6.666966334773603, 0.08188973794269372, 5.510209985214521, -1.0784461755961439, 5.057797243515058, -1.2544284848600773, 21.013028536361205, -10.762293495269004, -6.666966334773603, -0.08188976339368216, -5.510209985214521, 1.0784461636390874, -5.057797243515058, 1.254428475440964, 6.666966334773603, 0.08188973794269372, -21.517459263490547, 9.848122134701764, 6.38681667606724, -0.32943047033172457, 5.509967053967705, -1.078628523004637, -6.666966334773603, -0.08188976339368216, 21.517459263490547, -9.848122058535491, -6.38681667606724, 0.32943044774930136, -5.509967053967705, 1.078628511118641, 5.510209985214521, -1.0784461755961439, 6.38681667606724, -0.32943047033172457, -21.51770747806142, 9.847953610371468, 6.666482671564606, 0.08151246678903945, -5.510209985214521, 1.0784461636390874, -6.38681667606724, 0.32943044774930136, 21.51770747806142, -9.847953534146944, -6.666482671564606, -0.08151249209274108, 5.057797243515058, -1.2544284848600773, 5.509967053967705, -1.078628523004637, 6.666482671564606, 0.08151246678903945, -21.01372747168569, 10.761654757072678, -5.057797243515058, 1.254428475440964, -5.509967053967705, 1.078628511118641, -6.666482671564606, -0.08151249209274108, 21.01372747168569, -10.761654688892854)","0,1784","0,058","0,01805",100,"(0.033668497920938414, 0.002135679310455425, 0.0021360937942110194, 0.0021365084055257567, 0.002135679310455425, 0.033669326760930714, 0.0021365084055257567, 0.0021369231444398878, 0.0021360937942110194, 0.0021365084055257567, 0.03367015611115958, 0.002137338010993665, 0.0021365084055257567, 0.0021369231444398878, 0.002137338010993665, 0.03367098597194703)","1,6","3,4","(0.3601893581673442, -0.13502168727263555, -0.0634341545877297, -0.04996994828235717, -0.13502168727263555, 0.4040746258995729, -0.1198034761417596, -0.06305716761207196, -0.0634341545877297, -0.1198034761417596, 0.4043836525854735, -0.13424030648119867, -0.04996994828235717, -0.06305716761207196, -0.13424030648119867, 0.36170520554066377)",39,"142,5",sec-tradicional-ca-2awg-1kv-ca-2awg-1kv-ca-2awg-1kv-ca-2awg-1kv,"0,036682",,95,0,4,,"(0.034940429256682906, 0.023359541844515677, 0.021442039307405084, 0.020320195618197954, 0.023359541844515677, 0.03493957822068033, 0.023358690801809575, 0.02144118825806983, 0.021442039307405084, 0.023358690801809575, 0.03493872717134507, 0.023357839745919668, 0.020320195618197954, 0.02144118825806983, 0.023357839745919668, 0.03493787610897513)"
_an_l28-ramal,bus_33998182_009.1.4,bus_33998182_028.1.4,"2,079310345","0,4047","0,1206","0,155081",0,"(75.57429354072748, -26.423348186484677, -24.371017360047738, -20.67065536148191, -75.57429354072748, 26.423348209861093, 24.371017360047738, 20.67065534139672, -24.371017360047738, -20.67065536148191, 75.57429497260641, -26.42329946712621, 24.371017360047738, 20.67065534139672, -75.57429497260641, 26.42329949050503, -75.57429354072748, 26.423348209861093, 24.371017360047738, 20.67065534139672, 75.57429354072748, -26.423348186484677, -24.371017360047738, -20.67065536148191, 24.371017360047738, 20.67065534139672, -75.57429497260641, 26.42329949050503, -24.371017360047738, -20.67065536148191, 75.57429497260641, -26.42329946712621)","0,1784","0,058","0,01805",100,"(0.010276226183477238, 0.00030379488849058945, 0.00030379488849058945, 0.010276231064043082)","1,6","3,4","(0.12401573527232129, -0.10655522738784678, -0.10655522738784678, 0.12402848943553588)",39,"88,5",tap-duplex__2_ca-16mm2-xlpe-1kv,"0,005221",,59,0,2,,"(0.005152464051119059, 0.004578466579588089, 0.004578466579588089, 0.0051524590352843205)"
_cn_l29-ramal,bus_33998182_009.3.4,bus_33998182_029.3.4,"2,079310345","0,4047","0,1206","0,155081",0,"(75.53089329558541, -26.408173981909687, -24.357021752834846, -20.658784770753748, -75.53089329558541, 26.408174005299536, 24.357021752834846, 20.65878475065702, -24.357021752834846, -20.658784770753748, 75.53089472664205, -26.408125290529405, 24.357021752834846, 20.65878475065702, -75.53089472664205, 26.40812531392166, -75.53089329558541, 26.408174005299536, 24.357021752834846, 20.65878475065702, 75.53089329558541, -26.408173981909687, -24.357021752834846, -20.658784770753748, 24.357021752834846, 20.65878475065702, -75.53089472664205, 26.40812531392166, -24.357021752834846, -20.658784770753748, 75.53089472664205, -26.408125290529405)","0,1784","0,058","0,01805",100,"(0.010282130929416797, 0.0003039694498132234, 0.0003039694498132234, 0.010282135812787026)","1,6","3,4","(0.12408699503210235, -0.10661645429498402, -0.10661645429498402, 0.12409975652389187)",39,"88,5",tap-duplex__2_ca-16mm2-xlpe-1kv,"0,005224",,59,0,2,,"(0.005155424670186931, 0.004581097378235621, 0.004581097378235621, 0.005155419651470081)"
_an_l30-ramal,bus_33998182_010.1.4,bus_33998182_030.1.4,"2,079310345","0,4047","0,1206","0,155081",0,"(78.85159603839693, -27.569204814462648, -25.427874028139342, -21.56704469099945, -78.85159603839693, 27.56920483686747, 25.427874028139342, 21.56704467174906, -25.427874028139342, -21.56704469099945, 78.85159753236971, -27.5691539823744, 25.427874028139342, 21.56704467174906, -78.85159753236971, 27.569154004781527, -78.85159603839693, 27.56920483686747, 25.427874028139342, 21.56704467174906, 78.85159603839693, -27.569204814462648, -25.427874028139342, -21.56704469099945, 25.427874028139342, 21.56704467174906, -78.85159753236971, 27.569154004781527, -25.427874028139342, -21.56704469099945, 78.85159753236971, -27.5691539823744)","0,1784","0,058","0,01805",100,"(0.00984911622718255, 0.00029116828615340155, 0.00029116828615340155, 0.009849120904897831)","1,6","3,4","(0.11886127931482392, -0.10212648110491959, -0.10212648110491959, 0.11887350337778614)",39,"88,5",tap-duplex__2_ca-16mm2-xlpe-1kv,"0,005004",,59,0,2,,"(0.0049383126052096864, 0.004388172144083278, 0.004388172144083278, 0.004938307797847681)"
_cn_l31-ramal,bus_33998182_011.3.4,bus_33998182_031.3.4,"2,079310345","0,4047","0,1206","0,155081",0,"(33.512263171066614, -11.717029079581987, -10.806954445117146, -9.166085618373591, -33.512263171066614, 11.717029132298691, 10.806954445117146, 9.166085573079013, -10.806954445117146, -9.166085618373591, 33.51226380601138, -11.717007475724177, 10.806954445117146, 9.166085573079013, -33.51226380601138, 11.717007528446302, -33.512263171066614, 11.717029132298691, 10.806954445117146, 9.166085573079013, 33.512263171066614, -11.717029079581987, -10.806954445117146, -9.166085618373591, 10.806954445117146, 9.166085573079013, -33.51226380601138, 11.717007528446302, -10.806954445117146, -9.166085618373591, 33.51226380601138, -11.717007475724177)","0,1784","0,058","0,01805",100,"(0.023174159564118176, 0.0006850950042306455, 0.0006850950042306455, 0.023174170570397095)","1,6","3,4","(0.27967080388743737, -0.24029520154462897, -0.24029520154462897, 0.2796995661011299)",39,"88,5",tap-duplex__2_ca-16mm2-xlpe-1kv,"0,011774",,59,0,2,,"(0.01161944296837307, 0.010325007758680359, 0.010325007758680359, 0.01161943165704608)"
_cn_l32-ramal,bus_33998182_011.3.4,bus_33998182_032.3.4,"2,079310345","0,4047","0,1206","0,155081",0,"(36.60235496995717, -12.79743047155615, -11.803439854991584, -10.011270128430983, -36.60235496995717, 12.797430519822337, 11.803439854991584, 10.011270086960323, -11.803439854991584, -10.011270128430983, 36.6023556634488, -12.797406875655264, 11.803439854991584, 10.011270086960323, -36.6023556634488, 12.797406923926415, -36.60235496995717, 12.797430519822337, 11.803439854991584, 10.011270086960323, 36.60235496995717, -12.79743047155615, -11.803439854991584, -10.011270128430983, 11.803439854991584, 10.011270086960323, -36.6023556634488, 12.797406923926415, -11.803439854991584, -10.011270128430983, 36.6023556634488, -12.797406875655264)","0,1784","0,058","0,01805",100,"(0.021217720409477996, 0.0006272570193312688, 0.0006272570193312688, 0.02121773048657047)","1,6","3,4","(0.256060070146643, -0.22000868631315612, -0.22000868631315612, 0.2560864041591796)",39,"88,5",tap-duplex__2_ca-16mm2-xlpe-1kv,"0,01078",,59,0,2,,"(0.010638491183884975, 0.009453336473464776, 0.009453336473464776, 0.0106384808274976)"
_an_l33-ramal,bus_33998182_011.1.4,bus_33998182_033.1.4,"2,079310345","0,4047","0,1206","0,155081",0,"(52.490805717192785, -18.352574265090983, -16.927109436851033, -14.356989723933497, -52.490805717192785, 18.35257429874747, 16.927109436851033, 14.356989695015598, -16.927109436851033, -14.356989723933497, 52.49080671171717, -18.35254042662032, 16.927109436851033, 14.356989695015598, -52.49080671171717, 18.352540460280267, -52.490805717192785, 18.35257429874747, 16.927109436851033, 14.356989695015598, 52.490805717192785, -18.352574265090983, -16.927109436851033, -14.356989723933497, 16.927109436851033, 14.356989695015598, -52.49080671171717, 18.352540460280267, -16.927109436851033, -14.356989723933497, 52.49080671171717, -18.35254042662032)","0,1784","0,058","0,01805",100,"(0.01479532507588554, 0.0004373924874130935, 0.0004373924874130935, 0.01479533210274121)","1,6","3,4","(0.1785532047580998, -0.15341422031688262, -0.15341422031688262, 0.17857156772398453)",39,"88,5",tap-duplex__2_ca-16mm2-xlpe-1kv,"0,007517",,59,0,2,,"(0.007418324511063393, 0.006591904477832536, 0.006591904477832536, 0.007418317289452641)"
_acn_l34-ramal,bus_33998182_011.1.3.4,bus_33998182_034.1.3.4,"2,079310345","0,4047","0,1206","0,155081",0,"(60.63236596072716, -14.479573687474591, -17.203920067169875, -9.99945261084576, -17.20391851292737, -9.999445184248664, -60.63236596072716, 14.479573725642817, 17.203920067169875, 9.999452593206307, 17.20391851292737, 9.999445166609739, -17.203920067169875, -9.99945261084576, 60.63236906928012, -14.479558834397558, -17.203916958656265, -9.999437757714267, 17.203920067169875, 9.999452593206307, -60.63236906928012, 14.47955887256684, 17.203916958656265, 9.99943774007587, -17.20391851292737, -9.999445184248664, -17.203916958656265, -9.999437757714267, 60.63237217775439, -14.479543981211608, 17.20391851292737, 9.999445166609739, 17.203916958656265, 9.99943774007587, -60.63237217775439, 14.479544019381944, -60.63236596072716, 14.479573725642817, 17.203920067169875, 9.999452593206307, 17.20391851292737, 9.999445166609739, 60.63236596072716, -14.479573687474591, -17.203920067169875, -9.99945261084576, -17.20391851292737, -9.999445184248664, 17.203920067169875, 9.999452593206307, -60.63236906928012, 14.47955887256684, 17.203916958656265, 9.99943774007587, -17.203920067169875, -9.99945261084576, 60.63236906928012, -14.479558834397558, -17.203916958656265, -9.999437757714267, 17.20391851292737, 9.999445166609739, 17.203916958656265, 9.99943774007587, -60.63237217775439, 14.479544019381944, -17.20391851292737, -9.999445184248664, -17.203916958656265, -9.999437757714267, 60.63237217775439, -14.479543981211608)","0,1784","0,058","0,01805",100,"(0.013195138926265351, 0.00039008480225252734, 0.0003900863689792974, 0.00039008480225252734, 0.013195142059678965, 0.0003900879356861048, 0.0003900863689792974, 0.0003900879356861048, 0.013195145193132507)","1,6","3,4","(0.20248872313484476, -0.09358020264415438, -0.09357740334719529, -0.09358020264415438, 0.202494320710153, -0.09357460227115684, -0.09357740334719529, -0.09357460227115684, 0.202499923927976)",39,"88,5",tap-triplex__3_ca-16mm2-xlpe-1kv,"0,006704",,59,0,3,,"(0.006615996743670211, 0.005878959654491485, 0.005878958044351379, 0.005878959654491485, 0.006615993523391491, 0.005878956434212219, 0.005878958044351379, 0.005878956434212219, 0.00661599030311168)"
_an_l35-ramal,bus_33998182_012.1.4,bus_33998182_035.1.4,"2,079310345","0,4047","0,1206","0,155081",0,"(38.434968495630066, -13.438174608592444, -12.394416679993109, -10.51251626172516, -38.434968495630066, 13.438174654557255, 12.394416679993109, 10.512516222231858, -12.394416679993109, -10.51251626172516, 38.43496922384356, -13.438149831288086, 12.394416679993109, 10.512516222231858, -38.43496922384356, 13.438149877257626, -38.434968495630066, 13.438174654557255, 12.394416679993109, 10.512516222231858, 38.434968495630066, -13.438174608592444, -12.394416679993109, -10.51251626172516, 12.394416679993109, 10.512516222231858, -38.43496922384356, 13.438149877257626, -12.394416679993109, -10.51251626172516, 38.43496922384356, -13.438149831288086)","0,1784","0,058","0,01805",100,"(0.02020604060516708, 0.0005973488460533215, 0.0005973488460533215, 0.02020605020177481)","1,6","3,4","(0.24385089797081982, -0.209518476223642, -0.209518476223642, 0.24387597635418717)",39,"88,5",tap-duplex__2_ca-16mm2-xlpe-1kv,"0,010266",,59,0,2,,"(0.010131238450256323, 0.009002592971854304, 0.009002592971854304, 0.010131228587670722)"
_bn_l36-ramal,bus_33998182_012.2.4,bus_33998182_036.2.4,"2,079310345","0,4047","0,1206","0,155081",0,"(39.37072306686672, -13.765346293551614, -12.69617657521545, -10.768458583498983, -39.37072306686672, 13.765346338423944, 12.69617657521545, 10.768458544944348, -12.69617657521545, -10.768458583498983, 39.370723812809615, -13.765320913008384, 12.69617657521545, 10.768458544944348, -39.370723812809615, 13.76532095788533, -39.37072306686672, 13.765346338423944, 12.69617657521545, 10.768458544944348, 39.37072306686672, -13.765346293551614, -12.69617657521545, -10.768458583498983, 12.69617657521545, 10.768458544944348, -39.370723812809615, 13.76532095788533, -12.69617657521545, -10.768458583498983, 39.370723812809615, -13.765320913008384)","0,1784","0,058","0,01805",100,"(0.019725787935416374, 0.0005831511918124282, 0.0005831511918124282, 0.01972579730393407)","1,6","3,4","(0.23805510417529285, -0.20453868777647968, -0.20453868777647968, 0.23807958650123362)",39,"88,5",tap-duplex__2_ca-16mm2-xlpe-1kv,"0,010022",,59,0,2,,"(0.009890441432736107, 0.008788621348521706, 0.008788621348521706, 0.009890431804562241)"
_cn_l37-ramal,bus_33998182_012.3.4,bus_33998182_037.3.4,"2,079310345","0,4047","0,1206","0,155081",0,"(35.90621408464266, -12.5540358961693, -11.578950007899646, -9.820865593046571, -35.90621408464266, 12.55403594537126, 11.578950007899646, 9.820865550771888, -11.578950007899646, -9.820865593046571, 35.906214764944764, -12.55401274903911, 11.578950007899646, 9.820865550771888, -35.906214764944764, 12.554012798246129, -35.90621408464266, 12.55403594537126, 11.578950007899646, 9.820865550771888, 35.90621408464266, -12.5540358961693, -11.578950007899646, -9.820865593046571, 11.578950007899646, 9.820865550771888, -35.906214764944764, 12.554012798246129, -11.578950007899646, -9.820865593046571, 35.906214764944764, -12.55401274903911)","0,1784","0,058","0,01805",100,"(0.021629084376600532, 0.0006394181248080995, 0.0006394181248080995, 0.021629094649065206)","1,6","3,4","(0.2610245000780576, -0.22427416084371737, -0.22427416084371737, 0.26105134464798)",39,"88,5",tap-duplex__2_ca-16mm2-xlpe-1kv,"0,010989",,59,0,2,,"(0.01084474764561336, 0.009636615445909503, 0.009636615445909503, 0.010844737088438881)"
_bn_l38-ramal,bus_33998182_012.2.4,bus_33998182_038.2.4,"2,079310345","0,4047","0,1206","0,155081",0,"(75.48754286897612, -26.393017195591312, -24.34304221098321, -20.646927806110238, -75.48754286897612, 26.393017218994594, 24.34304221098321, 20.646927786001967, -24.34304221098321, -20.646927806110238, 75.48754429921141, -26.392968532157116, 24.34304221098321, 20.646927786001967, -75.48754429921141, 26.392968555562803, -75.48754286897612, 26.393017218994594, 24.34304221098321, 20.646927786001967, 75.48754286897612, -26.393017195591312, -24.34304221098321, -20.646927806110238, 24.34304221098321, 20.646927786001967, -75.48754429921141, 26.392968555562803, -24.34304221098321, -20.646927806110238, 75.48754429921141, -26.392968532157116)","0,1784","0,058","0,01805",100,"(0.010288035675356355, 0.0003041440111358573, 0.0003041440111358573, 0.01028804056153097)","1,6","3,4","(0.12415825479188343, -0.10667768120212126, -0.10667768120212126, 0.12417102361224786)",39,"88,5",tap-duplex__2_ca-16mm2-xlpe-1kv,"0,005227",,59,0,2,,"(0.005158385289254803, 0.0045837281768831535, 0.0045837281768831535, 0.005158380267655841)"
_an_l39-ramal,bus_33998182_012.1.4,bus_33998182_039.1.4,"2,079310345","0,4047","0,1206","0,155081",0,"(41.2474792573843, -14.421524210115704, -13.301388421159235, -11.28177837021377, -41.2474792573843, 14.421524252946348, 13.301388421159235, 11.281778333413367, -13.301388421159235, -11.28177837021377, 41.24748003888543, -14.42149761971218, 13.301388421159235, 11.281778333413367, -41.24748003888543, 14.421497662547228, -41.2474792573843, 14.421524252946348, 13.301388421159235, 11.281778333413367, 41.2474792573843, -14.421524210115704, -13.301388421159235, -11.28177837021377, 13.301388421159235, 11.281778333413367, -41.24748003888543, 14.421497662547228, -13.301388421159235, -11.28177837021377, 41.24748003888543, -14.42149761971218)","0,1784","0,058","0,01805",100,"(0.018828266552603577, 0.0005566178707720703, 0.0005566178707720703, 0.01882827549485465)","1,6","3,4","(0.22722362068857027, -0.19523219789161889, -0.19523219789161889, 0.2272469890711236)",39,"88,5",tap-duplex__2_ca-16mm2-xlpe-1kv,"0,009566",,59,0,2,,"(0.009440427334419637, 0.008388739954096851, 0.008388739954096851, 0.009440418144326721)"