Nome_ID,Simulation,Elemento,Measurement,Time_0,Time_1,Time_2,Time_3,Time_4,Time_5,Time_6,Time_7,Time_8,Time_9,Time_10,Time_11,Time_12,Time_13,Time_14,Time_15,Time_16,Time_17,Time_18,Time_19,Time_20,Time_21,Time_22,Time_23,Time_24,Time_25,Time_26,Time_27,Time_28,Time_29,Time_30,Time_31,Time_32,Time_33,Time_34,Time_35,Time_36,Time_37,Time_38,Time_39,Time_40,Time_41,Time_42,Time_43,Time_44,Time_45,Time_46,Time_47,Time_48,Time_49,Time_50,Time_51,Time_52,Time_53,Time_54,Time_55,Time_56,Time_57,Time_58,Time_59,Time_60,Time_61,Time_62,Time_63,Time_64,Time_65,Time_66,Time_67,Time_68,Time_69,Time_70,Time_71,Time_72,Time_73,Time_74,Time_75,Time_76,Time_77,Time_78,Time_79,Time_80,Time_81,Time_82,Time_83,Time_84,Time_85,Time_86,Time_87,Time_88,Time_89,Time_90,Time_91,Time_92,Time_93,Time_94,Time_95,
1,1,_abcn_l01-sec, P1 (kW),1.1091,1.10297,0.963542,1.02735,0.983842,0.957099,0.979465,0.920097,0.932631,0.923137,0.932102,0.89559,0.927639,0.889463,0.913585,0.905162,0.832596,0.960706,0.85162,0.921513,1.02535,1.14458,1.46794,2.07473,2.25674,1.65256,1.5421,1.61985,1.66939,1.56014,1.44666,1.429,1.41807,1.45268,1.32176,1.38673,1.35286,1.4954,1.67111,1.49047,1.54277,1.45533,1.50302,1.75578,1.80468,1.58362,1.7315,1.46855,1.66169,1.49212,1.32712,1.32837,1.49081,1.47763,1.40873,1.50468,1.48237,1.5251,1.44596,1.42501,1.47644,1.46072,1.41401,1.50115,1.59643,1.66829,1.50552,1.67966,1.70736,1.98404,2.16617,2.33579,2.38177,2.47655,2.46348,2.39429,2.32015,2.2812,2.16772,2.04634,2.02635,1.93703,1.826,1.72071,1.73802,1.64654,1.61727,1.54859,1.51709,1.49543,1.38881,1.32058,1.24195,1.32002,1.13124,1.10911,
2,1,_abcn_l01-sec, Q1 (kvar),0.922063,0.922125,0.922094,0.922182,0.922201,0.922138,0.922277,0.922183,0.922221,0.922271,0.922264,0.922202,0.92226,0.922212,0.922284,0.922321,0.922197,0.92227,0.922224,0.922168,0.922186,0.921818,0.921166,0.922048,0.921878,0.92232,0.9226,0.922571,0.922025,0.921955,0.922361,0.922751,0.922648,0.922701,0.922392,0.922573,0.922514,0.922443,0.92318,0.922822,0.922961,0.922489,0.92245,0.922295,0.922439,0.922396,0.922196,0.922271,0.92216,0.922123,0.92219,0.922236,0.922292,0.922292,0.922194,0.922366,0.922318,0.922174,0.922188,0.922296,0.922507,0.922246,0.922338,0.92224,0.922189,0.922246,0.922027,0.921987,0.922284,0.922415,0.921768,0.921507,0.920733,0.921006,0.920449,0.920893,0.920761,0.920756,0.921235,0.92115,0.921382,0.921345,0.921498,0.921342,0.921517,0.921743,0.921575,0.921575,0.921371,0.921604,0.921783,0.921824,0.92175,0.921739,0.921983,0.922071,
3,1,_abcn_l01-sec, P2 (kW),0.834729,0.850659,0.728874,0.815014,0.779738,0.755035,0.801961,0.738203,0.752006,0.752499,0.761256,0.726147,0.762682,0.718969,0.754857,0.756869,0.675352,0.799957,0.696499,0.721407,0.784631,0.764229,0.912491,1.65589,1.79002,1.33886,1.27832,1.35563,1.32458,1.24245,1.19256,1.21775,1.19172,1.24245,1.08407,1.15445,1.13198,1.23478,1.4497,1.26643,1.34343,1.21384,1.23486,1.37665,1.41926,1.25267,1.37911,1.16812,1.30551,1.1704,1.04833,1.05609,1.2196,1.19826,1.1324,1.23339,1.20805,1.22719,1.15751,1.15402,1.22114,1.16779,1.128,1.19796,1.25905,1.31617,1.17548,1.28289,1.28138,1.46364,1.51352,1.55545,1.5403,1.69689,1.62783,1.64415,1.56202,1.52783,1.4697,1.36326,1.35194,1.28337,1.22522,1.10956,1.1772,1.13663,1.09082,1.03693,0.994861,1.02251,0.949843,0.927043,0.846889,0.928835,0.820975,0.834729,
4,1,_abcn_l01-sec, Q2 (kvar),0.702271,0.702214,0.70205,0.70205,0.702004,0.701964,0.701941,0.701896,0.701909,0.701887,0.701894,0.701851,0.70187,0.701854,0.70185,0.701825,0.701781,0.701879,0.701792,0.701947,0.70214,0.702554,0.703283,0.703798,0.704184,0.703026,0.702847,0.702896,0.703036,0.702735,0.702586,0.702624,0.702651,0.702635,0.702497,0.702613,0.702504,0.702767,0.703152,0.702806,0.702794,0.702671,0.702808,0.703564,0.703721,0.703118,0.70326,0.70278,0.703192,0.702821,0.702528,0.702547,0.702714,0.702738,0.702619,0.702764,0.702735,0.702807,0.702703,0.702662,0.70275,0.702774,0.702746,0.702855,0.703088,0.703268,0.702856,0.703362,0.703721,0.704807,0.705546,0.70652,0.706458,0.706478,0.706426,0.705977,0.705746,0.705614,0.705334,0.70493,0.704995,0.70468,0.704278,0.704035,0.703938,0.703689,0.703627,0.703441,0.703344,0.703211,0.703018,0.702787,0.702678,0.702747,0.702369,0.702271,
5,1,_abcn_l01-sec, P3 (kW),0.861236,0.871188,0.749758,0.829098,0.798425,0.763656,0.816841,0.747007,0.767311,0.772369,0.779554,0.734984,0.775305,0.732237,0.77035,0.773254,0.683089,0.805978,0.704803,0.744157,0.825972,0.830117,0.961259,1.59313,1.69596,1.3286,1.29754,1.35014,1.29023,1.17955,1.1784,1.25318,1.23238,1.26824,1.11226,1.19634,1.15731,1.25285,1.50595,1.31572,1.37604,1.22664,1.25475,1.43091,1.48598,1.29531,1.37526,1.17906,1.31779,1.17147,1.05913,1.07925,1.21649,1.1996,1.12974,1.23726,1.2109,1.21876,1.15988,1.16528,1.2449,1.18495,1.16874,1.21905,1.28438,1.34925,1.17066,1.31061,1.39318,1.6414,1.68683,1.82143,1.75244,1.84282,1.75324,1.71794,1.63805,1.60639,1.57858,1.46204,1.49082,1.404,1.33073,1.21883,1.26026,1.20747,1.15931,1.10336,1.03582,1.06319,1.00884,0.968179,0.888195,0.958426,0.850118,0.861245,
6,1,_abcn_l01-sec, Q3 (kvar),0.727411,0.727462,0.727243,0.727422,0.727351,0.727335,0.727407,0.727312,0.727323,0.727314,0.727344,0.7273,0.727352,0.727278,0.727331,0.727333,0.727207,0.727432,0.727247,0.727235,0.727265,0.727102,0.72743,0.730021,0.730643,0.72879,0.728507,0.728781,0.728802,0.728627,0.728404,0.728254,0.728215,0.728426,0.728025,0.728064,0.728102,0.728383,0.728683,0.728389,0.728463,0.728329,0.728281,0.728608,0.728722,0.728315,0.728891,0.728211,0.72856,0.728299,0.727956,0.727926,0.728405,0.72822,0.728184,0.72836,0.728356,0.728462,0.728246,0.728188,0.728255,0.728209,0.728079,0.728314,0.728481,0.728606,0.728263,0.728406,0.728153,0.728219,0.728271,0.728225,0.728684,0.72929,0.729192,0.72912,0.729001,0.728877,0.728501,0.728279,0.728018,0.727918,0.72785,0.727617,0.727789,0.727563,0.727602,0.727547,0.727517,0.727624,0.727397,0.727505,0.727333,0.727563,0.727371,0.727418,
7,1,_abcn_l01-sec, P4 (kW),5.17645E-05,4.66502E-05,4.25431E-05,3.918E-05,3.34209E-05,4.24461E-05,2.74752E-05,3.54192E-05,3.05606E-05,2.30938E-05,2.61159E-05,3.24996E-05,2.73399E-05,2.97725E-05,2.27317E-05,1.83179E-05,2.72979E-05,3.0594E-05,2.67894E-05,3.11021E-05,2.59962E-05,6.45973E-05,0.000174534,0.000232398,0.000319869,0.000109258,5.61697E-05,7.73423E-05,0.000150981,0.000167935,8.79835E-05,2.14903E-05,2.66566E-05,3.61392E-05,4.44052E-05,2.05613E-05,3.20804E-05,5.45361E-05,-1.59671E-07,1.90752E-05,4.17402E-06,4.59719E-05,3.9427E-05,6.45793E-05,5.75185E-05,4.64236E-05,0.000117194,6.91143E-05,9.37465E-05,9.86146E-05,6.97869E-05,5.52894E-05,7.70288E-05,5.49002E-05,7.65443E-05,5.98693E-05,7.05611E-05,9.74127E-05,8.13383E-05,6.13793E-05,3.5035E-05,6.51406E-05,5.02882E-05,7.41773E-05,8.90938E-05,8.59071E-05,9.46427E-05,8.86721E-05,4.3897E-05,6.01024E-06,3.02787E-06,7.42989E-05,0.000163825,0.000119359,0.00018251,8.80499E-05,0.000141145,0.00014391,7.11893E-05,9.09542E-05,4.67979E-05,5.01336E-05,5.05557E-05,8.64822E-05,5.83889E-05,1.65047E-06,4.98763E-05,6.85452E-05,0.000105138,8.72489E-05,5.39287E-05,7.40435E-05,8.33076E-05,9.78105E-05,6.15109E-05,5.17708E-05,
8,1,_abcn_l01-sec, Q4 (kvar),0.000448926,0.000413426,0.000378246,0.000350611,0.000327974,0.000344166,0.000292222,0.000310809,0.000297475,0.000273543,0.000278167,0.00029269,0.000278952,0.000286313,0.000264419,0.000248043,0.000274975,0.000285172,0.000271833,0.000314885,0.000351693,0.000639544,0.00128745,0.00107552,0.0013475,0.000628367,0.000447754,0.000499887,0.000767933,0.000764535,0.000501256,0.000320444,0.000341729,0.000344613,0.000389276,0.000348225,0.000358289,0.000453562,0.000301204,0.000324385,0.000299236,0.000421402,0.000457871,0.000679015,0.000672914,0.000558004,0.000721928,0.00054631,0.00069007,0.000624292,0.000499122,0.000463532,0.000519057,0.000516743,0.00052789,0.000499055,0.000511821,0.000595411,0.000548385,0.000487139,0.000424269,0.000524469,0.000465488,0.00054544,0.00062656,0.000649677,0.000662063,0.000782652,0.000719377,0.000955016,0.00152231,0.00206687,0.00247032,0.00222087,0.00258959,0.00219107,0.00223051,0.00219662,0.00183228,0.00177278,0.00165656,0.00158432,0.00136591,0.00140454,0.00123423,0.00104535,0.00111991,0.00106938,0.00116302,0.000980288,0.000825211,0.000723212,0.000728696,0.0007441,0.000524694,0.000448959,
9,1,_abcn_l01-sec, V1,126.174,126.18,126.209,126.204,126.219,126.215,126.228,126.23,126.235,126.245,126.243,126.24,126.241,126.244,126.248,126.254,126.252,126.232,126.251,126.234,126.214,126.152,126.003,125.889,125.81,126.049,126.114,126.08,126.007,126.007,126.102,126.16,126.159,126.15,126.156,126.155,126.154,126.109,126.129,126.155,126.135,126.116,126.097,126.041,126.043,126.082,126.017,126.089,126.037,126.072,126.124,126.133,126.086,126.078,126.093,126.085,126.09,126.063,126.087,126.105,126.113,126.095,126.129,126.091,126.065,126.053,126.047,126.015,126.072,126.028,125.92,125.93,125.855,125.805,125.761,125.751,125.77,125.782,125.852,125.872,125.914,125.921,125.954,125.975,125.969,125.984,125.989,126.011,125.989,126.019,126.067,126.092,126.106,126.088,126.154,126.174,
10,1,_abcn_l01-sec, VAngle1,-30.2073,-30.1964,-30.1668,-30.1643,-30.1524,-30.1492,-30.138,-30.1332,-30.1315,-30.1245,-30.1242,-30.122,-30.1232,-30.1203,-30.118,-30.1119,-30.1106,-30.1274,-30.111,-30.1396,-30.1751,-30.2642,-30.4171,-30.439,-30.5004,-30.3052,-30.2546,-30.2727,-30.3356,-30.318,-30.2456,-30.215,-30.2193,-30.215,-30.2154,-30.2277,-30.2169,-30.259,-30.2605,-30.2277,-30.2415,-30.2486,-30.2772,-30.3613,-30.3666,-30.3119,-30.3447,-30.2815,-30.3376,-30.2926,-30.2439,-30.2412,-30.2708,-30.2886,-30.2661,-30.2786,-30.2715,-30.2915,-30.2743,-30.2611,-30.2624,-30.2768,-30.2553,-30.2816,-30.3123,-30.33,-30.3175,-30.3747,-30.3716,-30.4753,-30.6013,-30.6561,-30.6944,-30.7011,-30.7364,-30.7177,-30.6953,-30.6836,-30.6305,-30.6013,-30.5863,-30.5666,-30.518,-30.4954,-30.4839,-30.4658,-30.4539,-30.4255,-30.4318,-30.3954,-30.357,-30.3116,-30.2977,-30.3051,-30.2326,-30.2074,
11,1,_abcn_l01-sec, V2,126.705,126.695,126.71,126.691,126.694,126.7,126.682,126.696,126.694,126.688,126.691,126.695,126.687,126.697,126.684,126.678,126.693,126.68,126.69,126.703,126.697,126.74,126.763,126.64,126.637,126.659,126.649,126.638,126.667,126.666,126.666,126.633,126.647,126.645,126.672,126.639,126.648,126.649,126.58,126.633,126.583,126.638,126.625,126.641,126.636,126.641,126.655,126.659,126.656,126.678,126.682,126.676,126.654,126.628,126.663,126.636,126.652,126.663,126.668,126.657,126.628,126.661,126.672,126.67,126.673,126.664,126.66,126.652,126.655,126.591,126.575,126.625,126.682,126.622,126.653,126.579,126.624,126.633,126.617,126.643,126.631,126.638,126.646,126.692,126.653,126.606,126.653,126.678,126.695,126.685,126.684,126.704,126.724,126.719,126.713,126.705,
12,1,_abcn_l01-sec, VAngle2,-150.094,-150.099,-150.081,-150.094,-150.087,-150.086,-150.092,-150.084,-150.082,-150.082,-150.081,-150.081,-150.085,-150.078,-150.084,-150.085,-150.079,-150.093,-150.08,-150.076,-150.084,-150.077,-150.114,-150.235,-150.266,-150.166,-150.148,-150.168,-150.178,-150.182,-150.146,-150.141,-150.132,-150.138,-150.12,-150.138,-150.136,-150.151,-150.18,-150.141,-150.179,-150.155,-150.168,-150.173,-150.173,-150.16,-150.179,-150.152,-150.17,-150.147,-150.126,-150.126,-150.158,-150.175,-150.15,-150.167,-150.156,-150.16,-150.148,-150.147,-150.161,-150.148,-150.127,-150.144,-150.15,-150.158,-150.167,-150.178,-150.148,-150.192,-150.237,-150.194,-150.19,-150.249,-150.248,-150.3,-150.267,-150.258,-150.241,-150.221,-150.21,-150.206,-150.192,-150.158,-150.186,-150.21,-150.181,-150.159,-150.16,-150.155,-150.139,-150.121,-150.104,-150.114,-150.096,-150.094,
13,1,_abcn_l01-sec, V3,126.258,126.273,126.307,126.313,126.322,126.337,126.339,126.353,126.349,126.35,126.354,126.365,126.359,126.363,126.361,126.364,126.375,126.359,126.374,126.334,126.275,126.163,126.013,126.089,126.053,126.188,126.213,126.215,126.177,126.219,126.258,126.236,126.231,126.254,126.253,126.214,126.245,126.209,126.153,126.212,126.193,126.22,126.174,126.056,126.038,126.117,126.137,126.186,126.125,126.191,126.234,126.225,126.215,126.176,126.219,126.192,126.208,126.201,126.209,126.211,126.189,126.189,126.196,126.186,126.151,126.122,126.16,126.064,125.988,125.777,125.617,125.481,125.515,125.554,125.54,125.578,125.621,125.635,125.659,125.71,125.682,125.723,125.799,125.837,125.863,125.871,125.908,125.953,125.975,126.018,126.041,126.122,126.144,126.149,126.227,126.258,
14,1,_abcn_l01-sec, VAngle3,89.9406,89.9439,89.9657,89.9615,89.966,89.977,89.969,89.9822,89.9788,89.9761,89.9795,89.9877,89.9806,89.9869,89.9796,89.9786,89.9912,89.979,89.9899,89.9752,89.9426,89.9062,89.8517,89.8507,89.8381,89.8951,89.8966,89.897,89.8973,89.9208,89.9303,89.8979,89.9009,89.9132,89.9243,89.89,89.9103,89.8955,89.8337,89.8849,89.8567,89.8968,89.8691,89.8174,89.8048,89.8463,89.8694,89.8903,89.8611,89.9027,89.9226,89.9137,89.9042,89.8743,89.9098,89.8847,89.8992,89.9027,89.9066,89.9015,89.8765,89.8919,89.8963,89.894,89.8787,89.8605,89.8821,89.8299,89.7833,89.6487,89.5704,89.5156,89.5645,89.5667,89.5778,89.571,89.6096,89.6193,89.6179,89.6539,89.6295,89.6541,89.6939,89.7308,89.7295,89.7144,89.7522,89.7843,89.8059,89.821,89.8277,89.8762,89.8949,89.8972,89.9298,89.9406,
15,1,_abcn_l01-sec, V4,0.170027,0.162756,0.155929,0.149794,0.145255,0.148348,0.136852,0.14097,0.138417,0.132815,0.134183,0.136966,0.133813,0.135757,0.130272,0.125972,0.132139,0.13495,0.131576,0.14287,0.151809,0.205224,0.28516,0.255294,0.284164,0.199158,0.17039,0.178249,0.218122,0.216445,0.179112,0.147031,0.152885,0.153359,0.16243,0.154015,0.154923,0.173413,0.144796,0.150363,0.141096,0.166447,0.172796,0.212927,0.21313,0.191176,0.213897,0.186829,0.209397,0.199379,0.179506,0.174723,0.183326,0.181111,0.184576,0.179258,0.182155,0.195899,0.188878,0.178496,0.167078,0.18521,0.17742,0.189822,0.203517,0.207432,0.205029,0.224754,0.225726,0.268488,0.330499,0.394188,0.415165,0.385708,0.41126,0.372855,0.375969,0.373432,0.346514,0.339285,0.334772,0.324843,0.300383,0.304535,0.282858,0.259452,0.26783,0.261754,0.269591,0.248148,0.230096,0.214713,0.215796,0.217352,0.183349,0.170035,
16,1,_abcn_l01-sec, VAngle4,-155.188,-157.67,-159.485,-162.569,-162.728,-164.867,-166.238,-167.066,-166.217,-166.429,-166.997,-168.72,-168.486,-167.914,-168.667,-169.716,-170.06,-170.013,-170.326,-162.771,-154.946,-143.333,-140.144,-157.371,-158.022,-158.047,-157.319,-160.785,-158.769,-163.637,-163.44,-158.441,-156.686,-161.348,-158.443,-154.828,-159.277,-157.294,-151.441,-155.061,-157.309,-159.041,-154.581,-144.025,-141.987,-147.426,-154.24,-154.837,-151.322,-155.715,-157.375,-155.77,-159.512,-156.185,-158.837,-157.446,-158.219,-158.462,-157.584,-157.203,-155.294,-154.73,-152.333,-154.21,-151.712,-149.551,-154.688,-146.449,-134.215,-121.585,-120.619,-114.698,-120.803,-124.905,-126.819,-129.199,-130.289,-130.323,-127.472,-129.121,-124.898,-126.773,-129.116,-130.055,-132.355,-132.109,-134.272,-135.987,-139.157,-140.788,-139.256,-144.985,-145.558,-147.696,-152.09,-155.186,
17,1,_abcn_l01-sec, I1,11.4312,11.3937,10.5672,10.9389,10.6837,10.53,10.658,10.32,10.3901,10.3363,10.3867,10.1831,10.3618,10.149,10.2827,10.2356,9.841,10.55,9.94283,10.3275,10.9263,11.6497,13.754,18.0349,19.3766,15.0142,14.2491,14.7854,15.1347,14.3816,13.6055,13.4831,13.4101,13.642,12.7762,13.2027,12.9799,13.9326,15.1365,13.8958,14.2528,13.6626,13.9853,15.7352,16.0799,14.5355,15.5675,13.7532,15.0783,13.9132,12.8133,12.8207,13.9035,13.8156,13.3531,13.9976,13.8463,14.1376,13.6017,13.4604,13.8047,13.6999,13.385,13.9725,14.6246,15.1225,14.0061,15.205,15.3922,17.361,18.6954,19.9397,20.2895,21.0029,20.9113,20.3997,19.8472,19.5578,18.7152,17.8285,17.6787,17.0344,16.2388,15.4939,15.6166,14.9779,14.7744,14.3008,14.0882,13.9392,13.2221,12.7723,12.2646,12.7687,11.5681,11.4313,
18,1,_abcn_l01-sec, IAngle1,-69.9462,-70.0934,-73.9076,-72.0764,-73.3001,-74.0834,-73.4156,-75.198,-74.8099,-75.0976,-74.8202,-75.9608,-74.9566,-76.1559,-75.3895,-75.6498,-78.0336,-73.958,-77.3903,-75.1599,-72.143,-69.1112,-62.5262,-54.4003,-52.7205,-59.4717,-61.1456,-59.936,-59.248,-60.8987,-62.7664,-63.0666,-63.2688,-62.6376,-65.1246,-63.8629,-64.5069,-61.9275,-59.1783,-61.9914,-61.1315,-62.6179,-61.816,-58.0738,-57.4399,-60.531,-58.3844,-62.4109,-59.3658,-62.0086,-65.0387,-65.0121,-62.0139,-62.2598,-63.4759,-61.7868,-62.161,-61.4514,-62.8027,-63.1729,-62.2602,-62.5435,-63.3711,-61.8463,-60.3255,-59.2642,-61.802,-59.1377,-58.7486,-55.4098,-53.6525,-52.1862,-51.8296,-51.1008,-51.224,-51.7555,-52.3411,-52.6639,-53.655,-54.8359,-55.0377,-56.0045,-57.296,-58.6618,-58.417,-59.7061,-60.1299,-61.1827,-61.7032,-62.0402,-63.9301,-65.2284,-66.8797,-65.2309,-69.4133,-69.9462,
19,1,_abcn_l01-sec, I2,8.60936,8.70636,7.9867,8.49071,8.28132,8.13684,8.41295,8.03996,8.11942,8.12252,8.17305,7.97105,8.18148,7.93032,8.13621,8.14809,7.68758,8.40084,7.80445,7.94419,8.31054,8.19071,9.08832,14.2075,15.1895,11.9393,11.5185,12.0581,11.8389,11.2691,10.9274,11.1023,10.9237,11.2706,10.1978,10.6717,10.5193,11.2182,12.729,11.4376,11.9776,11.0753,11.2209,12.2078,12.5094,11.3431,12.2227,10.763,11.7077,10.777,9.96165,10.0131,11.1135,10.9701,10.5214,11.2097,11.0348,11.165,10.6903,10.6675,11.1264,10.7606,10.4916,10.9649,11.3842,11.7813,10.8131,11.5517,11.5424,12.8326,13.1929,13.4918,13.3766,14.5163,14.0107,14.136,13.5366,13.2896,12.8749,12.1186,12.0407,11.5614,11.1588,10.3722,10.8298,10.559,10.249,9.89133,9.61662,9.79576,9.32803,9.18144,8.68376,9.19138,8.52655,8.60935,
20,1,_abcn_l01-sec, IAngle2,169.831,170.361,165.993,169.164,167.916,167,168.713,166.36,166.891,166.911,167.242,165.894,167.293,165.612,167,167.076,163.822,168.644,164.703,165.707,168.091,167.331,172.263,-173.262,-171.74,-177.87,-178.95,-177.574,-178.136,-179.675,179.35,179.875,179.344,-179.627,176.936,178.537,178.041,-179.797,-176.055,-179.169,-177.795,179.779,-179.814,-177.243,-176.547,-179.466,-177.197,178.816,-178.478,178.868,176.046,176.241,179.893,179.435,178.032,-179.841,179.657,-179.96,178.591,178.516,179.919,178.813,177.95,179.456,-179.33,-178.275,178.956,-178.912,-178.923,-175.905,-175.23,-174.622,-174.829,-172.853,-173.707,-173.539,-174.582,-175.047,-175.879,-177.564,-177.751,-178.976,179.917,177.446,178.936,178.028,176.995,175.688,174.581,175.327,173.355,172.714,170.213,172.775,169.356,169.831,
21,1,_abcn_l01-sec, I3,8.92873,8.98828,8.2697,8.73203,8.55001,8.34755,8.65748,8.25146,8.36766,8.39661,8.43801,8.18269,8.41319,8.16724,8.3844,8.40088,7.8949,8.59221,8.01377,8.23607,8.71524,8.74686,9.56626,13.8984,14.6498,12.0087,11.7902,12.1561,11.7441,10.9844,10.9724,11.4818,11.34,11.5841,10.5292,11.096,10.8305,11.4825,13.2615,11.9155,12.338,11.3023,11.4983,12.7382,13.1313,11.783,12.3396,10.9823,11.9388,10.9311,10.1809,10.3133,11.2339,11.122,10.6488,11.3773,11.1965,11.2509,10.8515,10.8873,11.4295,11.0218,10.9114,11.2536,11.7049,12.1582,10.9282,11.8942,12.4772,14.2768,14.6265,15.6327,15.121,15.7851,15.1253,14.8613,14.2726,14.0408,13.8356,12.9933,13.2006,12.5791,12.0572,11.2804,11.5627,11.1998,10.8708,10.4931,10.0478,10.2234,9.86764,9.60215,9.10074,9.53869,8.86358,8.92883,
22,1,_abcn_l01-sec, IAngle3,49.7558,50.0812,45.8391,48.6989,47.633,46.3724,48.2836,45.7475,46.5113,46.6969,46.9638,45.2887,46.8084,45.1815,46.625,46.7314,43.1994,47.9114,44.092,45.6341,48.5788,48.691,52.7352,65.232,66.531,61.1486,60.5846,61.5377,60.4369,58.2165,58.2089,59.736,59.3221,60.0419,56.7178,58.5664,57.7349,59.7227,64.0128,60.9157,61.9604,59.1967,59.7374,62.8326,63.6815,60.4986,61.9457,58.19,60.9245,58.0335,55.4213,55.915,58.992,58.6143,57.1057,59.3999,58.8723,59.0356,57.7835,57.9,59.5493,58.3192,57.975,59.0381,60.3175,61.491,57.9966,60.7657,62.1891,65.7239,66.2186,67.7236,66.9864,67.9757,66.9949,66.5739,65.6185,65.2139,64.8449,63.1749,63.6016,62.2492,61.0173,58.8945,59.7234,58.6433,57.6392,56.3838,54.7232,55.4342,54.0353,52.9544,50.5812,52.6943,49.3792,49.7558,
23,1,_abcn_l01-sec, I4,2.65781,2.55628,2.44106,2.35519,2.26961,2.33757,2.14473,2.21906,2.16044,2.0669,2.08216,2.15009,2.09463,2.12039,2.03723,1.97439,2.09117,2.12529,2.07598,2.21472,2.323,3.13217,4.55613,4.3101,4.87375,3.20246,2.64841,2.8378,3.58806,3.61644,2.84135,2.18432,2.24199,2.25942,2.41211,2.26492,2.32195,2.63433,2.08019,2.16107,2.121,2.54677,2.65959,3.20335,3.16881,2.92888,3.41931,2.94742,3.32578,3.17,2.80757,2.67176,2.86234,2.86925,2.88993,2.80397,2.83639,3.07979,2.93514,2.75072,2.54798,2.85351,2.63892,2.89988,3.10963,3.15926,3.26194,3.50454,3.19287,3.55709,4.60612,5.24674,5.96328,5.76621,6.31235,5.88121,5.94455,5.89487,5.29175,5.23192,4.95028,4.87965,4.55035,4.62082,4.36831,4.02908,4.18559,4.09381,4.33161,3.96603,3.59402,3.38587,3.39877,3.45292,2.88131,2.65788,
24,1,_abcn_l01-sec, IAngle4,121.39,118.768,116.933,113.807,113.09,112.164,109.134,109.436,109.648,108.397,108.366,107.616,107.111,108.023,106.247,104.508,105.609,106.11,105.302,112.87,119.281,132.434,137.576,124.822,125.332,121.817,119.831,118.01,122.354,118.752,116.516,115.396,117.774,114.638,118.065,118.551,115.84,119.563,118.528,118.305,113.49,117.185,120.341,131.407,132.898,127.329,124.981,122.373,126.414,123.262,120.584,121.032,118.929,119.879,119.413,119.395,119.631,120.83,120.853,119.978,119.427,122.35,123.833,123.535,126.38,127.981,123.447,130.015,139.277,148.775,149.495,157.361,152.991,148.172,147.212,143.102,143.331,143.425,144.753,143.816,146.72,145.039,143.003,143.468,140.354,137.982,138.278,137.681,136.009,134.298,134.483,130.861,130.964,129.793,124.597,121.392,
25,2,_abcn_l01-sec, P1 (kW),1.1091,1.10297,0.963542,1.02735,0.983842,0.957099,0.979465,0.920097,0.932631,0.923137,0.932102,0.89559,0.927639,0.889463,0.913585,0.905162,0.832596,0.960706,0.85162,0.921513,1.02535,1.14458,1.46794,2.07473,2.25674,1.27872,1.16803,1.24597,1.29556,0.099102,-0.0152419,-0.0329002,-0.0438494,-0.496598,-0.62969,-0.563712,-0.5981,-0.722732,-0.543418,-0.727444,-0.674238,-0.911318,-0.862756,-0.604796,-0.554906,-0.805356,-0.654293,-0.922771,-0.725553,-0.824666,-0.992979,-0.991568,-0.825782,-0.716521,-0.786744,-0.68895,-0.711636,-0.496712,-0.577214,-0.598438,-0.546085,-0.366814,-0.414253,-0.325777,-0.229195,0.258455,0.0937321,0.269644,0.297896,1.79085,1.97315,2.14302,2.18904,2.47659,2.46348,2.39429,2.32015,2.2812,2.16772,2.04634,2.02635,1.93703,1.826,1.72071,1.73802,1.64654,1.61727,1.54859,1.51709,1.49543,1.38881,1.32058,1.24195,1.32002,1.13124,1.10911,
26,2,_abcn_l01-sec, Q1 (kvar),0.922063,0.922125,0.922094,0.922182,0.922201,0.922138,0.922277,0.922183,0.922221,0.922271,0.922264,0.922202,0.92226,0.922212,0.922284,0.922321,0.922197,0.92227,0.922224,0.922168,0.922186,0.921818,0.921166,0.922048,0.921878,0.917604,0.918436,0.918039,0.917208,0.906751,0.909635,0.910507,0.910742,0.906846,0.910158,0.908468,0.909379,0.903401,0.898606,0.904161,0.902464,0.903902,0.902166,0.892908,0.891257,0.898834,0.893232,0.90278,0.895933,0.902159,0.907953,0.908176,0.902679,0.903732,0.905966,0.903027,0.903746,0.903363,0.905694,0.906469,0.905257,0.90663,0.908049,0.9057,0.903114,0.905523,0.908379,0.90502,0.904815,0.919116,0.918001,0.91732,0.916395,0.921029,0.920449,0.920893,0.920761,0.920756,0.921235,0.92115,0.921382,0.921345,0.921498,0.921342,0.921517,0.921743,0.921575,0.921575,0.921371,0.921604,0.921783,0.921824,0.92175,0.921739,0.921983,0.922071,
27,2,_abcn_l01-sec, P2 (kW),0.834729,0.850659,0.728874,0.815014,0.779738,0.755035,0.801961,0.738203,0.752006,0.752499,0.761256,0.726147,0.762682,0.718969,0.754857,0.756869,0.675352,0.799957,0.696499,0.721407,0.784631,0.764229,0.912491,1.65589,1.79002,1.33846,1.27776,1.35526,1.32417,1.2395,1.189,1.21435,1.18807,1.23777,1.07731,1.14861,1.12584,1.2291,1.44717,1.26107,1.3393,1.20719,1.22859,1.3728,1.4161,1.2466,1.37535,1.16066,1.30045,1.16338,1.03925,1.04711,1.21335,1.19218,1.1253,1.22783,1.2021,1.22223,1.15154,1.14797,1.21598,1.1627,1.12237,1.19324,1.25513,1.31394,1.17198,1.28039,1.27876,1.46357,1.51352,1.5555,1.54035,1.69693,1.62783,1.64415,1.56202,1.52783,1.4697,1.36326,1.35194,1.28337,1.22522,1.10956,1.1772,1.13663,1.09082,1.03693,0.994861,1.02251,0.949843,0.927043,0.846889,0.928835,0.820975,0.834729,
28,2,_abcn_l01-sec, Q2 (kvar),0.702271,0.702214,0.70205,0.70205,0.702004,0.701964,0.701941,0.701896,0.701909,0.701887,0.701894,0.701851,0.70187,0.701854,0.70185,0.701825,0.701781,0.701879,0.701792,0.701947,0.70214,0.702554,0.703283,0.703798,0.704184,0.711275,0.710791,0.711222,0.711214,0.736349,0.735132,0.735708,0.735187,0.749703,0.744779,0.747019,0.746213,0.75757,0.765571,0.758719,0.761383,0.761153,0.762117,0.768501,0.770323,0.763968,0.769086,0.760301,0.766133,0.758281,0.753367,0.753673,0.759961,0.755499,0.753072,0.756754,0.755847,0.751562,0.749241,0.749077,0.751271,0.744323,0.743176,0.745261,0.747234,0.737207,0.73382,0.736588,0.736983,0.709339,0.710207,0.711312,0.711216,0.706498,0.706426,0.705977,0.705746,0.705614,0.705334,0.70493,0.704995,0.70468,0.704278,0.704035,0.703938,0.703689,0.703627,0.703441,0.703344,0.703211,0.703018,0.702787,0.702678,0.702747,0.702369,0.702271,
29,2,_abcn_l01-sec, P3 (kW),0.861236,0.871188,0.749758,0.829098,0.798425,0.763656,0.816841,0.747007,0.767311,0.772369,0.779554,0.734984,0.775305,0.732237,0.77035,0.773254,0.683089,0.805978,0.704803,0.744157,0.825972,0.830117,0.961259,1.59313,1.69596,1.32172,1.29085,1.34316,1.28355,1.15344,1.1524,1.22552,1.20519,1.22914,1.07829,1.15965,1.12188,1.20779,1.45128,1.26828,1.3264,1.17903,1.20599,1.3746,1.42729,1.24407,1.32049,1.13276,1.26555,1.12712,1.01947,1.03882,1.17044,1.15717,1.08991,1.19338,1.16799,1.17949,1.12267,1.12792,1.20486,1.15116,1.13546,1.1842,1.24748,1.32031,1.1458,1.28255,1.36325,1.63701,1.68231,1.81651,1.74769,1.84279,1.75324,1.71794,1.63805,1.60639,1.57858,1.46204,1.49082,1.404,1.33073,1.21883,1.26026,1.20747,1.15931,1.10336,1.03582,1.06319,1.00884,0.968179,0.888195,0.958426,0.850118,0.861245,
30,2,_abcn_l01-sec, Q3 (kvar),0.727411,0.727462,0.727243,0.727422,0.727351,0.727335,0.727407,0.727312,0.727323,0.727314,0.727344,0.7273,0.727352,0.727278,0.727331,0.727333,0.727207,0.727432,0.727247,0.727235,0.727265,0.727102,0.72743,0.730021,0.730643,0.724147,0.723866,0.724121,0.724191,0.708541,0.708229,0.707819,0.707815,0.699453,0.699675,0.699362,0.699575,0.694404,0.693351,0.69398,0.693814,0.691533,0.691338,0.690667,0.690408,0.690581,0.690854,0.691171,0.69079,0.692779,0.693014,0.692859,0.69269,0.695014,0.695305,0.694972,0.695083,0.698436,0.698444,0.698342,0.698051,0.701772,0.701672,0.701755,0.701691,0.708755,0.708915,0.70868,0.708083,0.725735,0.725786,0.725677,0.726172,0.72927,0.729192,0.72912,0.729001,0.728877,0.728501,0.728279,0.728018,0.727918,0.72785,0.727617,0.727789,0.727563,0.727602,0.727547,0.727517,0.727624,0.727397,0.727505,0.727333,0.727563,0.727371,0.727418,
31,2,_abcn_l01-sec, P4 (kW),5.17645E-05,4.66502E-05,4.25431E-05,3.918E-05,3.34209E-05,4.24461E-05,2.74752E-05,3.54192E-05,3.05606E-05,2.30938E-05,2.61159E-05,3.24996E-05,2.73399E-05,2.97725E-05,2.27317E-05,1.83179E-05,2.72979E-05,3.0594E-05,2.67894E-05,3.11021E-05,2.59962E-05,6.45973E-05,0.000174534,0.000232398,0.000319869,-0.00109992,-0.000842791,-0.000973731,-0.00128377,0.00421831,0.00613335,0.00789816,0.00787163,0.0186488,0.0183257,0.0189412,0.0184779,0.0261807,0.0285818,0.0281889,0.0279165,0.0319032,0.0317531,0.0313755,0.0318649,0.03268,0.0300457,0.0317127,0.0307274,0.0279627,0.029172,0.0298627,0.0286811,0.0242896,0.0241367,0.0245241,0.0244173,0.0181502,0.0187115,0.0193265,0.0200662,0.0139562,0.0148475,0.0139414,0.0136287,0.00560423,0.00487416,0.00502711,0.00687607,-0.000449024,-0.00062654,-0.000436198,-0.00060495,0.000119372,0.00018251,8.80499E-05,0.000141145,0.00014391,7.11893E-05,9.09542E-05,4.67979E-05,5.01336E-05,5.05557E-05,8.64822E-05,5.83889E-05,1.65047E-06,4.98763E-05,6.85452E-05,0.000105138,8.72489E-05,5.39287E-05,7.40435E-05,8.33076E-05,9.78105E-05,6.15109E-05,5.17708E-05,
32,2,_abcn_l01-sec, Q4 (kvar),0.000448926,0.000413426,0.000378246,0.000350611,0.000327974,0.000344166,0.000292222,0.000310809,0.000297475,0.000273543,0.000278167,0.00029269,0.000278952,0.000286313,0.000264419,0.000248043,0.000274975,0.000285172,0.000271833,0.000314885,0.000351693,0.000639544,0.00128745,0.00107552,0.0013475,0.00141911,0.00103551,0.00107427,0.00168156,0.00418739,0.00285713,0.00202108,0.00234089,0.00276125,0.00351674,0.00340018,0.00303205,0.00485369,0.00373717,0.00377972,0.00290302,0.00455348,0.00551109,0.00967841,0.00996728,0.00794922,0.00859096,0.0066976,0.00875578,0.00716066,0.00568161,0.0055053,0.00539859,0.0053037,0.00520566,0.00507081,0.00517041,0.00538372,0.00511759,0.00461355,0.00418235,0.00470485,0.00457668,0.0050009,0.0059481,0.00484631,0.00432783,0.00576798,0.00649098,0.00188218,0.00274675,0.00361763,0.00414627,0.00222068,0.00258959,0.00219107,0.00223051,0.00219662,0.00183228,0.00177278,0.00165656,0.00158432,0.00136591,0.00140454,0.00123423,0.00104535,0.00111991,0.00106938,0.00116302,0.000980288,0.000825211,0.000723212,0.000728696,0.0007441,0.000524694,0.000448959,
33,2,_abcn_l01-sec, V1,126.174,126.18,126.209,126.204,126.219,126.215,126.228,126.23,126.235,126.245,126.243,126.24,126.241,126.244,126.248,126.254,126.252,126.232,126.251,126.234,126.214,126.152,126.003,125.889,125.81,126.619,126.685,126.651,126.577,128.477,128.575,128.637,128.638,129.627,129.634,129.635,129.631,130.184,130.211,130.235,130.212,130.533,130.517,130.474,130.48,130.567,130.497,130.568,130.52,130.377,130.426,130.438,130.387,130.096,130.108,130.102,130.107,129.697,129.722,129.741,129.749,129.316,129.35,129.312,129.287,128.439,128.427,128.401,128.469,126.322,126.215,126.226,126.151,125.805,125.761,125.751,125.77,125.782,125.852,125.872,125.914,125.921,125.954,125.975,125.969,125.984,125.989,126.011,125.989,126.019,126.067,126.092,126.106,126.088,126.154,126.174,
34,2,_abcn_l01-sec, VAngle1,-30.2073,-30.1964,-30.1668,-30.1643,-30.1524,-30.1492,-30.138,-30.1332,-30.1315,-30.1245,-30.1242,-30.122,-30.1232,-30.1203,-30.118,-30.1119,-30.1106,-30.1274,-30.111,-30.1396,-30.1751,-30.2642,-30.4171,-30.439,-30.5004,-30.4209,-30.3698,-30.3879,-30.4516,-30.8549,-30.78,-30.7466,-30.7511,-30.978,-30.9794,-30.99,-30.9795,-31.1639,-31.1595,-31.1292,-31.1401,-31.2325,-31.2606,-31.3501,-31.3553,-31.3123,-31.3496,-31.2824,-31.3404,-31.2553,-31.2045,-31.2002,-31.2301,-31.1797,-31.159,-31.1703,-31.1641,-31.0964,-31.0786,-31.064,-31.0629,-30.9824,-30.9606,-30.9878,-31.0199,-30.8442,-30.8311,-30.8889,-30.8852,-30.5333,-30.6596,-30.7148,-30.7537,-30.7011,-30.7364,-30.7177,-30.6953,-30.6836,-30.6305,-30.6013,-30.5863,-30.5666,-30.518,-30.4954,-30.4839,-30.4658,-30.4539,-30.4255,-30.4318,-30.3954,-30.357,-30.3116,-30.2977,-30.3051,-30.2326,-30.2074,
35,2,_abcn_l01-sec, V2,126.705,126.695,126.71,126.691,126.694,126.7,126.682,126.696,126.694,126.688,126.691,126.695,126.687,126.697,126.684,126.678,126.693,126.68,126.69,126.703,126.697,126.74,126.763,126.64,126.637,127.1,127.088,127.078,127.109,128.491,128.48,128.438,128.452,129.117,129.147,129.111,129.119,129.511,129.428,129.484,129.43,129.713,129.701,129.731,129.726,129.762,129.788,129.779,129.783,129.695,129.692,129.682,129.663,129.458,129.495,129.466,129.484,129.255,129.257,129.243,129.208,128.973,128.982,128.983,128.991,128.417,128.413,128.409,128.407,126.817,126.803,126.853,126.912,126.622,126.653,126.579,126.624,126.633,126.617,126.643,126.631,126.638,126.646,126.692,126.653,126.606,126.653,126.678,126.695,126.685,126.684,126.704,126.724,126.719,126.713,126.705,
36,2,_abcn_l01-sec, VAngle2,-150.094,-150.099,-150.081,-150.094,-150.087,-150.086,-150.092,-150.084,-150.082,-150.082,-150.081,-150.081,-150.085,-150.078,-150.084,-150.085,-150.079,-150.093,-150.08,-150.076,-150.084,-150.077,-150.114,-150.235,-150.266,-149.739,-149.72,-149.74,-149.751,-148.382,-148.343,-148.336,-148.328,-147.642,-147.624,-147.642,-147.64,-147.251,-147.278,-147.239,-147.279,-147.027,-147.04,-147.04,-147.039,-146.991,-147.011,-146.984,-147.001,-147.095,-147.074,-147.073,-147.106,-147.314,-147.289,-147.306,-147.295,-147.557,-147.545,-147.544,-147.557,-147.829,-147.808,-147.825,-147.831,-148.42,-148.432,-148.441,-148.407,-149.972,-150.017,-149.973,-149.97,-150.249,-150.248,-150.3,-150.267,-150.258,-150.241,-150.221,-150.21,-150.206,-150.192,-150.158,-150.186,-150.21,-150.181,-150.159,-150.16,-150.155,-150.139,-150.121,-150.104,-150.114,-150.096,-150.094,
37,2,_abcn_l01-sec, V3,126.258,126.273,126.307,126.313,126.322,126.337,126.339,126.353,126.349,126.35,126.354,126.365,126.359,126.363,126.361,126.364,126.375,126.359,126.374,126.334,126.275,126.163,126.013,126.089,126.053,125.587,125.612,125.614,125.576,123.565,123.603,123.585,123.578,122.511,122.507,122.473,122.503,121.811,121.766,121.817,121.807,121.452,121.407,121.277,121.258,121.279,121.293,121.348,121.283,121.537,121.583,121.575,121.569,121.844,121.883,121.858,121.871,122.279,122.288,122.292,122.274,122.725,122.731,122.721,122.683,123.567,123.61,123.512,123.433,125.472,125.312,125.175,125.207,125.554,125.54,125.578,125.621,125.635,125.659,125.71,125.682,125.723,125.799,125.837,125.863,125.871,125.908,125.953,125.975,126.018,126.041,126.122,126.144,126.149,126.227,126.258,
38,2,_abcn_l01-sec, VAngle3,89.9406,89.9439,89.9657,89.9615,89.966,89.977,89.969,89.9822,89.9788,89.9761,89.9795,89.9877,89.9806,89.9869,89.9796,89.9786,89.9912,89.979,89.9899,89.9752,89.9426,89.9062,89.8517,89.8507,89.8381,89.9461,89.9468,89.9476,89.949,90.0911,90.0949,90.0578,90.0604,90.101,90.1127,90.0764,90.098,90.0934,90.0236,90.0766,90.0483,90.0954,90.0672,90.0163,90.0023,90.0448,90.0753,90.0916,90.0639,90.1059,90.1236,90.1123,90.1055,90.0733,90.1106,90.084,90.0989,90.1004,90.103,90.096,90.0684,90.0775,90.0803,90.0799,90.0658,90.0206,90.0442,89.9913,89.939,89.6746,89.5967,89.5415,89.5911,89.5668,89.5778,89.571,89.6096,89.6193,89.6179,89.6539,89.6295,89.6541,89.6939,89.7308,89.7295,89.7144,89.7522,89.7843,89.8059,89.821,89.8277,89.8762,89.8949,89.8972,89.9298,89.9406,
39,2,_abcn_l01-sec, V4,0.170027,0.162756,0.155929,0.149794,0.145255,0.148348,0.136852,0.14097,0.138417,0.132815,0.134183,0.136966,0.133813,0.135757,0.130272,0.125972,0.132139,0.13495,0.131576,0.14287,0.151809,0.205224,0.28516,0.255294,0.284164,0.777405,0.764381,0.758522,0.785168,3.07911,3.07114,3.07441,3.08206,4.28957,4.30229,4.30685,4.29465,5.03506,5.03475,5.03237,5.01617,5.43988,5.4545,5.51879,5.52713,5.56198,5.55214,5.53557,5.55936,5.33093,5.31603,5.31832,5.30691,4.96947,4.9648,4.96611,4.96643,4.50746,4.50785,4.50425,4.50298,4.00669,4.01187,4.01134,4.02726,3.01398,2.9916,3.03118,3.07627,0.592509,0.653036,0.726394,0.735992,0.385672,0.41126,0.372855,0.375969,0.373432,0.346514,0.339285,0.334772,0.324843,0.300383,0.304535,0.282858,0.259452,0.26783,0.261754,0.269591,0.248148,0.230096,0.214713,0.215796,0.217352,0.183349,0.170035,
40,2,_abcn_l01-sec, VAngle4,-155.188,-157.67,-159.485,-162.569,-162.728,-164.867,-166.238,-167.066,-166.217,-166.429,-166.997,-168.72,-168.486,-167.914,-168.667,-169.716,-170.06,-170.013,-170.326,-162.771,-154.946,-143.333,-140.144,-157.371,-158.022,-98.3719,-96.2951,-97.2534,-99.7545,-87.2397,-86.331,-85.5216,-85.5847,-84.384,-84.4834,-84.3036,-84.381,-84.0657,-83.5529,-83.6569,-83.5819,-83.6738,-83.7066,-84.0075,-83.95,-83.7759,-84.2332,-83.8526,-84.0868,-84.1963,-83.9408,-83.8294,-84.0193,-84.2398,-84.3247,-84.2339,-84.2773,-84.9175,-84.7851,-84.6039,-84.3908,-85.1411,-84.9482,-85.2022,-85.3854,-86.7401,-86.9023,-86.9917,-86.2886,-100.088,-101.726,-100.18,-103.969,-124.912,-126.819,-129.199,-130.289,-130.323,-127.472,-129.121,-124.898,-126.773,-129.116,-130.055,-132.355,-132.109,-134.272,-135.987,-139.157,-140.788,-139.256,-144.985,-145.558,-147.696,-152.09,-155.186,
41,2,_abcn_l01-sec, I1,11.4312,11.3937,10.5672,10.9389,10.6837,10.53,10.658,10.32,10.3901,10.3363,10.3867,10.1831,10.3618,10.149,10.2827,10.2356,9.841,10.55,9.94283,10.3275,10.9263,11.6497,13.754,18.0349,19.3766,12.4301,11.7289,12.2199,12.5407,7.09974,7.07572,7.08271,7.08808,7.97609,8.53751,8.24742,8.39645,8.88683,8.06491,8.91056,8.65142,9.83329,9.56428,8.26566,8.04635,9.24319,8.48474,9.88711,8.83293,9.37498,10.3162,10.3085,9.38295,8.8651,9.22224,8.73028,8.84117,7.94862,8.27919,8.37202,8.14811,7.56307,7.71608,7.44331,7.20677,7.33176,7.11067,7.35459,7.41497,15.935,17.2424,18.4677,18.8117,21.0033,20.9113,20.3997,19.8472,19.5578,18.7152,17.8285,17.6787,17.0344,16.2388,15.4939,15.6166,14.9779,14.7744,14.3008,14.0882,13.9392,13.2221,12.7723,12.2646,12.7687,11.5681,11.4313,
42,2,_abcn_l01-sec, IAngle1,-69.9462,-70.0934,-73.9076,-72.0764,-73.3001,-74.0834,-73.4156,-75.198,-74.8099,-75.0976,-74.8202,-75.9608,-74.9566,-76.1559,-75.3895,-75.6498,-78.0336,-73.958,-77.3903,-75.1599,-72.143,-69.1112,-62.5262,-54.4003,-52.7205,-66.0839,-68.5481,-66.771,-65.7487,-114.618,-121.74,-122.816,-123.508,-149.684,-155.657,-152.81,-154.312,-159.824,-152.322,-159.948,-157.904,-166.467,-164.981,-155.461,-153.262,-163.173,-157.572,-166.91,-160.342,-163.686,-168.766,-168.714,-163.683,-159.589,-162.13,-158.512,-159.382,-149.901,-153.589,-154.496,-152.163,-143.01,-145.483,-140.771,-135.26,-104.914,-114.94,-104.298,-102.662,-57.7014,-55.6096,-53.8882,-53.4692,-51.1009,-51.224,-51.7555,-52.3411,-52.6639,-53.655,-54.8359,-55.0377,-56.0045,-57.296,-58.6618,-58.417,-59.7061,-60.1299,-61.1827,-61.7032,-62.0402,-63.9301,-65.2284,-66.8797,-65.2309,-69.4133,-69.9462,
43,2,_abcn_l01-sec, I2,8.60936,8.70636,7.9867,8.49071,8.28132,8.13684,8.41295,8.03996,8.11942,8.12252,8.17305,7.97105,8.18148,7.93032,8.13621,8.14809,7.68758,8.40084,7.80445,7.94419,8.31054,8.19071,9.08832,14.2075,15.1895,11.9254,11.5051,12.0441,11.8251,11.2204,10.8804,11.0546,10.8768,11.2078,10.1411,10.6123,10.4608,11.1482,12.6495,11.3661,11.9029,11.0021,11.1469,12.1271,12.4267,11.2673,12.1412,10.6913,11.6298,10.7073,9.89719,9.94847,11.0417,10.9024,10.4563,11.1404,10.9665,11.1006,10.6287,10.606,11.0623,10.7041,10.4364,10.9073,11.3242,11.7323,10.7681,11.5035,11.4942,12.8248,13.1848,13.4835,13.3685,14.5167,14.0107,14.136,13.5366,13.2896,12.8749,12.1186,12.0407,11.5614,11.1588,10.3722,10.8298,10.559,10.249,9.89133,9.61662,9.79576,9.32803,9.18144,8.68376,9.19138,8.52655,8.60935,
44,2,_abcn_l01-sec, IAngle2,169.831,170.361,165.993,169.164,167.916,167,168.713,166.36,166.891,166.911,167.242,165.894,167.293,165.612,167,167.076,163.822,168.644,164.703,165.707,168.091,167.331,172.263,-173.262,-171.74,-177.726,-178.806,-177.43,-177.991,-179.095,179.93,-179.546,179.923,-178.845,177.719,179.32,178.823,-178.899,-175.157,-178.272,-176.897,-179.259,-178.852,-176.28,-175.585,-178.493,-176.224,179.789,-177.505,179.809,176.987,177.181,-179.167,-179.677,178.919,-178.953,-179.456,-179.145,179.405,179.331,-179.266,179.545,178.681,-179.812,-178.598,-177.715,179.516,-178.352,-178.363,-175.83,-175.155,-174.547,-174.754,-172.853,-173.707,-173.539,-174.582,-175.047,-175.879,-177.564,-177.751,-178.976,179.917,177.446,178.936,178.028,176.995,175.688,174.581,175.327,173.355,172.714,170.213,172.775,169.356,169.831,
45,2,_abcn_l01-sec, I3,8.92873,8.98828,8.2697,8.73203,8.55001,8.34755,8.65748,8.25146,8.36766,8.39661,8.43801,8.18269,8.41319,8.16724,8.3844,8.40088,7.8949,8.59221,8.01377,8.23607,8.71524,8.74686,9.56626,13.8984,14.6498,12.0004,11.782,12.1477,11.736,10.9553,10.9434,11.4516,11.31,11.5437,10.4925,11.0573,10.7926,11.4372,13.209,11.868,12.2891,11.2545,11.4499,12.6847,13.0754,11.7323,12.2867,10.9353,11.8879,10.8856,10.1389,10.2708,11.1875,11.0785,10.607,11.3328,11.1525,11.2101,10.8122,10.8478,11.3881,10.9855,10.8756,11.2166,11.6665,12.1271,10.9002,11.8637,12.4455,14.2715,14.6211,15.6269,15.1154,15.7849,15.1253,14.8613,14.2726,14.0408,13.8356,12.9933,13.2006,12.5791,12.0572,11.2804,11.5627,11.1998,10.8708,10.4931,10.0478,10.2234,9.86764,9.60215,9.10074,9.53869,8.86358,8.92883,
46,2,_abcn_l01-sec, IAngle3,49.7558,50.0812,45.8391,48.6989,47.633,46.3724,48.2836,45.7475,46.5113,46.6969,46.9638,45.2887,46.8084,45.1815,46.625,46.7314,43.1994,47.9114,44.092,45.6341,48.5788,48.691,52.7352,65.232,66.531,61.2286,60.6646,61.6177,60.5169,58.5294,58.5215,60.0485,59.6345,60.4586,57.1343,58.9831,58.1515,60.1971,64.4874,61.3899,62.435,59.7028,60.2436,63.3391,64.1883,61.0102,62.4576,58.7014,61.4363,58.5291,55.9165,56.4102,59.4876,59.0836,57.5749,59.8693,59.3416,59.4683,58.2161,58.3326,59.982,58.71,58.3658,59.4289,60.7085,61.7932,58.2987,61.0682,62.4913,65.7655,66.2602,67.7653,67.028,67.976,66.9949,66.5739,65.6185,65.2139,64.8449,63.1749,63.6016,62.2492,61.0173,58.8945,59.7234,58.6433,57.6392,56.3838,54.7232,55.4342,54.0353,52.9544,50.5812,52.6943,49.3792,49.7558,
47,2,_abcn_l01-sec, I4,2.65781,2.55628,2.44106,2.35519,2.26961,2.33757,2.14473,2.21906,2.16044,2.0669,2.08216,2.15009,2.09463,2.12039,2.03723,1.97439,2.09117,2.12529,2.07598,2.21472,2.323,3.13217,4.55613,4.3101,4.87375,2.30956,1.74668,1.91148,2.69444,1.93035,2.20315,2.65178,2.66456,4.39487,4.33725,4.46823,4.36008,5.28828,5.72522,5.65163,5.59531,5.92412,5.90848,5.94956,6.04065,6.04693,5.62842,5.85528,5.74716,5.41463,5.59067,5.70968,5.49939,5.00292,4.97335,5.04275,5.02548,4.20011,4.30332,4.41128,4.55196,3.67581,3.87273,3.69234,3.69237,2.45823,2.17885,2.52418,3.0738,3.26577,4.31416,5.01633,5.69323,5.76627,6.31235,5.88121,5.94455,5.89487,5.29175,5.23192,4.95028,4.87965,4.55035,4.62082,4.36831,4.02908,4.18559,4.09381,4.33161,3.96603,3.59402,3.38587,3.39877,3.45292,2.88131,2.65788,
48,2,_abcn_l01-sec, IAngle4,121.39,118.768,116.933,113.807,113.09,112.164,109.134,109.436,109.648,108.397,108.366,107.616,107.111,108.023,106.247,104.508,105.609,106.11,105.302,112.87,119.281,132.434,137.576,124.822,125.332,133.85,134.563,130.557,132.886,-132.029,-111.309,-99.8752,-102.146,-92.8063,-95.3465,-94.4805,-93.6996,-94.5686,-91.0023,-91.2939,-89.5187,-91.7966,-93.5528,-101.151,-101.32,-97.4473,-100.19,-95.778,-99.9917,-98.5599,-94.9619,-94.2748,-94.6792,-96.5571,-96.4955,-95.9162,-96.2332,-101.439,-100.081,-98.0301,-96.1642,-103.771,-102.08,-104.936,-108.964,-127.592,-128.505,-135.918,-129.638,156.494,155.425,162.945,157.73,148.165,147.212,143.102,143.331,143.425,144.753,143.816,146.72,145.039,143.003,143.468,140.354,137.982,138.278,137.681,136.009,134.298,134.483,130.861,130.964,129.793,124.597,121.392,
49,3,_abcn_l01-sec, P1 (kW),1.1091,1.10297,0.963542,1.02735,0.983842,0.957099,0.979465,0.920097,0.932631,0.923137,0.932102,0.89559,0.927639,0.889463,0.913585,0.905162,0.832596,0.960706,0.85162,0.921513,1.02535,1.14458,1.46794,2.07473,2.25674,1.13233,1.01997,1.09875,1.14932,-0.384096,-0.500914,-0.519178,-0.530307,-1.12988,-1.26563,-1.19859,-1.23369,-1.43514,-1.25248,-1.4405,-1.3866,-1.66818,-1.61862,-1.35415,-1.30311,-1.56654,-1.41139,-1.68678,-1.48444,-1.56597,-1.73851,-1.73716,-1.56754,-1.42257,-1.49411,-1.39422,-1.41729,-1.14994,-1.23214,-1.25402,-1.20091,-0.963699,-1.01187,-0.921695,-0.823019,-0.20899,-0.376344,-0.197483,-0.169293,1.70108,1.88511,2.05611,2.1036,2.47667,2.46348,2.39429,2.32015,2.2812,2.16772,2.04634,2.02635,1.93703,1.826,1.72071,1.73802,1.64654,1.61727,1.54859,1.51709,1.49543,1.38881,1.32058,1.24195,1.32002,1.13124,1.10911,
50,3,_abcn_l01-sec, Q1 (kvar),0.922063,0.922125,0.922094,0.922182,0.922201,0.922138,0.922277,0.922183,0.922221,0.922271,0.922264,0.922202,0.92226,0.922212,0.922284,0.922321,0.922197,0.92227,0.922224,0.922168,0.922186,0.921818,0.921166,0.922048,0.921878,0.320936,0.282207,0.275253,0.262849,1.34499,1.372,1.37736,1.38173,1.95062,1.94994,1.95591,1.95627,2.26583,2.27644,2.27609,2.27603,2.44018,2.44349,2.4527,2.45519,2.45405,2.4607,2.457,2.46595,2.42112,2.40959,2.4075,2.40656,2.31423,2.26901,2.26392,2.25668,2.13967,2.11562,2.09957,2.08855,1.83962,1.8336,1.8301,1.82737,1.35951,1.34142,1.33352,1.33639,0.0805455,0.0570981,0.0601536,0.0545638,0.921066,0.920449,0.920893,0.920761,0.920756,0.921235,0.92115,0.921382,0.921345,0.921498,0.921342,0.921517,0.921743,0.921575,0.921575,0.921371,0.921604,0.921783,0.921824,0.92175,0.921739,0.921983,0.922071,
51,3,_abcn_l01-sec, P2 (kW),0.834729,0.850659,0.728874,0.815014,0.779738,0.755035,0.801961,0.738203,0.752006,0.752499,0.761256,0.726147,0.762682,0.718969,0.754857,0.756869,0.675352,0.799957,0.696499,0.721407,0.784631,0.764229,0.912491,1.65589,1.79002,1.28588,1.22835,1.30219,1.27237,1.17177,1.12558,1.14942,1.1247,1.1611,1.01185,1.07814,1.05709,1.14648,1.34843,1.17634,1.24913,1.12294,1.14258,1.27457,1.31435,1.15821,1.27679,1.07915,1.20774,1.08305,0.968965,0.976275,1.12983,1.11331,1.05132,1.14623,1.12233,1.14463,1.0791,1.07589,1.13911,1.09349,1.05593,1.12184,1.17917,1.24271,1.10998,1.21103,1.20904,1.40678,1.4529,1.49185,1.47727,1.69693,1.62783,1.64415,1.56202,1.52783,1.4697,1.36326,1.35194,1.28337,1.22522,1.10956,1.1772,1.13663,1.09082,1.03693,0.994861,1.02251,0.949843,0.927043,0.846889,0.928835,0.820975,0.834729,
52,3,_abcn_l01-sec, Q2 (kvar),0.702271,0.702214,0.70205,0.70205,0.702004,0.701964,0.701941,0.701896,0.701909,0.701887,0.701894,0.701851,0.70187,0.701854,0.70185,0.701825,0.701781,0.701879,0.701792,0.701947,0.70214,0.702554,0.703283,0.703798,0.704184,0.654795,0.654836,0.654011,0.654957,0.669097,0.668595,0.66827,0.668242,0.676972,0.674956,0.675662,0.675291,0.682835,0.686497,0.682934,0.684096,0.685932,0.686435,0.690211,0.691135,0.68763,0.69118,0.685534,0.689321,0.683911,0.680934,0.681069,0.68484,0.681121,0.680165,0.68205,0.681713,0.678477,0.677344,0.67714,0.677963,0.673789,0.673296,0.674327,0.67529,0.66807,0.667482,0.668147,0.667837,0.649428,0.648717,0.648191,0.649119,0.706502,0.706426,0.705977,0.705746,0.705614,0.705334,0.70493,0.704995,0.70468,0.704278,0.704035,0.703938,0.703689,0.703627,0.703441,0.703344,0.703211,0.703018,0.702787,0.702678,0.702747,0.702369,0.702271,
53,3,_abcn_l01-sec, P3 (kW),0.861236,0.871188,0.749758,0.829098,0.798425,0.763656,0.816841,0.747007,0.767311,0.772369,0.779554,0.734984,0.775305,0.732237,0.77035,0.773254,0.683089,0.805978,0.704803,0.744157,0.825972,0.830117,0.961259,1.59313,1.69596,1.39769,1.36586,1.42017,1.35802,1.24429,1.2427,1.31975,1.29846,1.33382,1.17484,1.26084,1.22091,1.31708,1.57467,1.38121,1.4425,1.28937,1.31806,1.49727,1.55326,1.35926,1.43974,1.24125,1.38175,1.23409,1.12008,1.14054,1.27943,1.26329,1.19204,1.30135,1.27446,1.28326,1.22333,1.22889,1.31013,1.24964,1.23318,1.28438,1.35114,1.41923,1.23568,1.37973,1.46537,1.7257,1.77433,1.91556,1.84322,1.8428,1.75324,1.71794,1.63805,1.60639,1.57858,1.46204,1.49082,1.404,1.33073,1.21883,1.26026,1.20747,1.15931,1.10336,1.03582,1.06319,1.00884,0.968179,0.888195,0.958426,0.850118,0.861245,
54,3,_abcn_l01-sec, Q3 (kvar),0.727411,0.727462,0.727243,0.727422,0.727351,0.727335,0.727407,0.727312,0.727323,0.727314,0.727344,0.7273,0.727352,0.727278,0.727331,0.727333,0.727207,0.727432,0.727247,0.727235,0.727265,0.727102,0.72743,0.730021,0.730643,0.70836,0.709627,0.708132,0.70976,0.688421,0.689221,0.685761,0.686615,0.670595,0.678869,0.674333,0.67665,0.662006,0.647206,0.658564,0.655465,0.658382,0.656512,0.644615,0.641067,0.652685,0.647759,0.660265,0.651232,0.663217,0.670515,0.669279,0.661003,0.666613,0.670542,0.664223,0.665667,0.670824,0.674072,0.673838,0.669485,0.678621,0.679378,0.676711,0.673023,0.682193,0.690591,0.683638,0.679274,0.70212,0.69965,0.694642,0.696791,0.729274,0.729192,0.72912,0.729001,0.728877,0.728501,0.728279,0.728018,0.727918,0.72785,0.727617,0.727789,0.727563,0.727602,0.727547,0.727517,0.727624,0.727397,0.727505,0.727333,0.727563,0.727371,0.727418,
55,3,_abcn_l01-sec, P4 (kW),5.17645E-05,4.66502E-05,4.25431E-05,3.918E-05,3.34209E-05,4.24461E-05,2.74752E-05,3.54192E-05,3.05606E-05,2.30938E-05,2.61159E-05,3.24996E-05,2.73399E-05,2.97725E-05,2.27317E-05,1.83179E-05,2.72979E-05,3.0594E-05,2.67894E-05,3.11021E-05,2.59962E-05,6.45973E-05,0.000174534,0.000232398,0.000319869,0.0603969,0.0607344,0.0614161,0.0605568,0.0747008,0.0745291,0.0754417,0.074896,0.0882248,0.0872652,0.0875584,0.0880921,0.0959965,0.0975625,0.097552,0.0983,0.102846,0.101588,0.0967335,0.0966071,0.0998319,0.0981972,0.101351,0.0982234,0.0975326,0.0992181,0.0994224,0.0989579,0.0937621,0.0939446,0.0940412,0.0939397,0.0872307,0.0876704,0.0884123,0.0889756,0.0819458,0.0820681,0.081358,0.0799977,0.071025,0.072257,0.0699135,0.0683745,0.0546062,0.054504,0.0506,0.0509344,0.000119427,0.00018251,8.80499E-05,0.000141145,0.00014391,7.11893E-05,9.09542E-05,4.67979E-05,5.01336E-05,5.05557E-05,8.64822E-05,5.83889E-05,1.65047E-06,4.98763E-05,6.85452E-05,0.000105138,8.72489E-05,5.39287E-05,7.40435E-05,8.33076E-05,9.78105E-05,6.15109E-05,5.17708E-05,
56,3,_abcn_l01-sec, Q4 (kvar),0.000448926,0.000413426,0.000378246,0.000350611,0.000327974,0.000344166,0.000292222,0.000310809,0.000297475,0.000273543,0.000278167,0.00029269,0.000278952,0.000286313,0.000264419,0.000248043,0.000274975,0.000285172,0.000271833,0.000314885,0.000351693,0.000639544,0.00128745,0.00107552,0.0013475,-0.0154275,-0.0122015,-0.0129981,-0.017446,-0.0235795,-0.0182928,-0.0141391,-0.0145889,-0.0171582,-0.0181786,-0.0172499,-0.0176123,-0.0213079,-0.0174357,-0.0178974,-0.0177657,-0.0215492,-0.0222706,-0.0250779,-0.0246317,-0.0236997,-0.0275227,-0.0243242,-0.0266643,-0.0255645,-0.0230041,-0.021968,-0.0235397,-0.0229701,-0.0229976,-0.0224347,-0.0226133,-0.0234318,-0.0223621,-0.0210846,-0.0197184,-0.020688,-0.0191483,-0.0209489,-0.0223042,-0.0206412,-0.021175,-0.0228744,-0.0205248,-0.0189934,-0.0255108,-0.0288738,-0.0331688,0.002221,0.00258959,0.00219107,0.00223051,0.00219662,0.00183228,0.00177278,0.00165656,0.00158432,0.00136591,0.00140454,0.00123423,0.00104535,0.00111991,0.00106938,0.00116302,0.000980288,0.000825211,0.000723212,0.000728696,0.0007441,0.000524694,0.000448959,
57,3,_abcn_l01-sec, V1,126.174,126.18,126.209,126.204,126.219,126.215,126.228,126.23,126.235,126.245,126.243,126.24,126.241,126.244,126.248,126.254,126.252,126.232,126.251,126.234,126.214,126.152,126.003,125.889,125.81,125.08,125.079,125.043,125.009,127.584,127.573,127.605,127.612,129.07,129.091,129.077,129.065,130.012,129.989,130.013,129.956,130.574,130.561,130.574,130.577,130.674,130.632,130.669,130.649,130.381,130.382,130.385,130.341,129.849,129.876,129.865,129.881,129.281,129.296,129.299,129.288,128.645,128.676,128.653,128.652,127.422,127.405,127.416,127.478,124.665,124.634,124.663,124.631,125.805,125.761,125.751,125.77,125.782,125.852,125.872,125.914,125.921,125.954,125.975,125.969,125.984,125.989,126.011,125.989,126.019,126.067,126.092,126.106,126.088,126.154,126.174,
58,3,_abcn_l01-sec, VAngle1,-30.2073,-30.1964,-30.1668,-30.1643,-30.1524,-30.1492,-30.138,-30.1332,-30.1315,-30.1245,-30.1242,-30.122,-30.1232,-30.1203,-30.118,-30.1119,-30.1106,-30.1274,-30.111,-30.1396,-30.1751,-30.2642,-30.4171,-30.439,-30.5004,-26.9865,-26.9211,-26.942,-27.0153,-26.4402,-26.3797,-26.3347,-26.3374,-26.144,-26.1437,-26.1464,-26.1382,-26.1037,-26.0909,-26.0598,-26.0764,-26.0681,-26.0911,-26.1522,-26.1497,-26.1099,-26.1588,-26.088,-26.1467,-26.1072,-26.061,-26.0571,-26.0979,-26.1321,-26.1178,-26.1299,-26.126,-26.1935,-26.1745,-26.1587,-26.1557,-26.2332,-26.2075,-26.2417,-26.2717,-26.4413,-26.4398,-26.4847,-26.4498,-27.1297,-27.2125,-27.2247,-27.2797,-30.7011,-30.7364,-30.7177,-30.6953,-30.6836,-30.6305,-30.6013,-30.5863,-30.5666,-30.518,-30.4954,-30.4839,-30.4658,-30.4539,-30.4255,-30.4318,-30.3954,-30.357,-30.3116,-30.2977,-30.3051,-30.2326,-30.2074,
59,3,_abcn_l01-sec, V2,126.705,126.695,126.71,126.691,126.694,126.7,126.682,126.696,126.694,126.688,126.691,126.695,126.687,126.697,126.684,126.678,126.693,126.68,126.69,126.703,126.697,126.74,126.763,126.64,126.637,119.155,119.128,119.12,119.15,118.398,118.457,118.408,118.412,118.1,118.116,118.076,118.094,117.926,117.856,117.905,117.89,117.857,117.837,117.787,117.768,117.82,117.853,117.851,117.842,117.88,117.906,117.899,117.902,117.958,117.98,117.957,117.969,118.082,118.08,118.068,118.04,118.169,118.168,118.175,118.164,118.399,118.424,118.381,118.32,119.026,118.914,118.879,118.941,126.622,126.653,126.579,126.624,126.633,126.617,126.643,126.631,126.638,126.646,126.692,126.653,126.606,126.653,126.678,126.695,126.685,126.684,126.704,126.724,126.719,126.713,126.705,
60,3,_abcn_l01-sec, VAngle2,-150.094,-150.099,-150.081,-150.094,-150.087,-150.086,-150.092,-150.084,-150.082,-150.082,-150.081,-150.081,-150.085,-150.078,-150.084,-150.085,-150.079,-150.093,-150.08,-150.076,-150.084,-150.077,-150.114,-150.235,-150.266,-150.342,-150.342,-150.36,-150.353,-148.882,-148.87,-148.882,-148.87,-148.085,-148.06,-148.091,-148.091,-147.598,-147.655,-147.611,-147.668,-147.314,-147.33,-147.321,-147.325,-147.271,-147.271,-147.26,-147.265,-147.396,-147.391,-147.393,-147.419,-147.702,-147.658,-147.679,-147.66,-147.976,-147.966,-147.971,-147.993,-148.308,-148.288,-148.295,-148.292,-148.971,-148.982,-148.986,-148.969,-150.684,-150.737,-150.708,-150.678,-150.249,-150.248,-150.3,-150.267,-150.258,-150.241,-150.221,-150.21,-150.206,-150.192,-150.158,-150.186,-150.21,-150.181,-150.159,-150.16,-150.155,-150.139,-150.121,-150.104,-150.114,-150.096,-150.094,
61,3,_abcn_l01-sec, V3,126.258,126.273,126.307,126.313,126.322,126.337,126.339,126.353,126.349,126.35,126.354,126.365,126.359,126.363,126.361,126.364,126.375,126.359,126.374,126.334,126.275,126.163,126.013,126.089,126.053,129.281,129.324,129.314,129.249,128.689,128.708,128.729,128.723,128.322,128.316,128.312,128.335,127.996,127.998,128.04,128.036,127.808,127.782,127.71,127.712,127.727,127.693,127.767,127.693,127.867,127.91,127.906,127.872,128.048,128.045,128.025,128.025,128.222,128.232,128.242,128.237,128.417,128.43,128.398,128.358,128.713,128.734,128.669,128.671,129.293,129.243,129.208,129.184,125.554,125.54,125.578,125.621,125.635,125.659,125.71,125.682,125.723,125.799,125.837,125.863,125.871,125.908,125.953,125.975,126.018,126.041,126.122,126.144,126.149,126.227,126.258,
62,3,_abcn_l01-sec, VAngle3,89.9406,89.9439,89.9657,89.9615,89.966,89.977,89.969,89.9822,89.9788,89.9761,89.9795,89.9877,89.9806,89.9869,89.9796,89.9786,89.9912,89.979,89.9899,89.9752,89.9426,89.9062,89.8517,89.8507,89.8381,88.4263,88.4444,88.4462,88.4353,87.873,87.9309,87.9016,87.9004,87.5652,87.57,87.5362,87.5621,87.2996,87.2478,87.3,87.2899,87.1707,87.138,87.0455,87.028,87.0732,87.0954,87.1265,87.0856,87.1988,87.2404,87.2332,87.2286,87.3176,87.3502,87.3262,87.3372,87.4774,87.483,87.4823,87.4619,87.6225,87.6253,87.6211,87.5949,87.8552,87.8878,87.8119,87.7458,88.1999,88.0662,87.9795,88.0185,89.5668,89.5778,89.571,89.6096,89.6193,89.6179,89.6539,89.6295,89.6541,89.6939,89.7308,89.7295,89.7144,89.7522,89.7843,89.8059,89.821,89.8277,89.8762,89.8949,89.8972,89.9298,89.9406,
63,3,_abcn_l01-sec, V4,0.170027,0.162756,0.155929,0.149794,0.145255,0.148348,0.136852,0.14097,0.138417,0.132815,0.134183,0.136966,0.133813,0.135757,0.130272,0.125972,0.132139,0.13495,0.131576,0.14287,0.151809,0.205224,0.28516,0.255294,0.284164,5.83188,5.86925,5.85972,5.81072,6.77063,6.72969,6.77423,6.77546,7.45402,7.45624,7.47274,7.4599,7.9455,7.96883,7.96043,7.93432,8.23059,8.23761,8.29343,8.30935,8.31438,8.27627,8.29185,8.29028,8.14862,8.13036,8.1339,8.10571,7.86249,7.86047,7.86393,7.86489,7.55811,7.56563,7.57253,7.58077,7.26776,7.28388,7.26505,7.26905,6.74143,6.71659,6.74289,6.81727,5.93411,5.99215,6.03975,5.98252,0.385688,0.41126,0.372855,0.375969,0.373432,0.346514,0.339285,0.334772,0.324843,0.300383,0.304535,0.282858,0.259452,0.26783,0.261754,0.269591,0.248148,0.230096,0.214713,0.215796,0.217352,0.183349,0.170035,
64,3,_abcn_l01-sec, VAngle4,-155.188,-157.67,-159.485,-162.569,-162.728,-164.867,-166.238,-167.066,-166.217,-166.429,-166.997,-168.72,-168.486,-167.914,-168.667,-169.716,-170.06,-170.013,-170.326,-162.771,-154.946,-143.333,-140.144,-157.371,-158.022,46.3769,46.7211,46.8093,46.5396,28.0475,28.4828,28.6367,28.5548,20.1392,20.0059,20.1186,20.2334,15.1458,15.438,15.4724,15.6891,12.5081,12.4531,12.0893,12.1255,11.8648,11.6542,11.9722,11.6603,13.2555,13.5094,13.5208,13.4379,15.914,15.757,15.7504,15.6659,18.6611,18.6924,18.7872,18.8839,22.2004,22.1984,22.0599,21.8334,29.1706,29.3311,28.9284,28.8012,48.9459,48.3588,47.8554,47.7396,-124.915,-126.819,-129.199,-130.289,-130.323,-127.472,-129.121,-124.898,-126.773,-129.116,-130.055,-132.355,-132.109,-134.272,-135.987,-139.157,-140.788,-139.256,-144.985,-145.558,-147.696,-152.09,-155.186,
65,3,_abcn_l01-sec, I1,11.4312,11.3937,10.5672,10.9389,10.6837,10.53,10.658,10.32,10.3901,10.3363,10.3867,10.1831,10.3618,10.149,10.2827,10.2356,9.841,10.55,9.94283,10.3275,10.9263,11.6497,13.754,18.0349,19.3766,9.40944,8.46096,9.0585,9.43129,10.9634,11.449,11.5352,11.5977,17.4651,18.008,17.772,17.9196,20.6296,19.9881,20.7181,20.508,22.6377,22.4491,21.4568,21.2868,22.2801,21.7155,22.8079,22.0306,22.1153,22.7891,22.7695,22.035,20.9204,20.9182,20.4736,20.5175,18.7894,18.9354,18.914,18.6343,16.1433,16.2756,15.9273,15.5782,10.7946,10.9353,10.58,10.5671,13.6604,15.1322,16.5004,16.8843,21.0039,20.9113,20.3997,19.8472,19.5578,18.7152,17.8285,17.6787,17.0344,16.2388,15.4939,15.6166,14.9779,14.7744,14.3008,14.0882,13.9392,13.2221,12.7723,12.2646,12.7687,11.5681,11.4313,
66,3,_abcn_l01-sec, IAngle1,-69.9462,-70.0934,-73.9076,-72.0764,-73.3001,-74.0834,-73.4156,-75.198,-74.8099,-75.0976,-74.8202,-75.9608,-74.9566,-76.1559,-75.3895,-75.6498,-78.0336,-73.958,-77.3903,-75.1599,-72.143,-69.1112,-62.5262,-54.4003,-52.7205,-42.8108,-42.3869,-41.006,-39.8974,-132.378,-136.437,-136.988,-137.334,-146.225,-149.13,-147.647,-148.375,-148.453,-144.91,-148.389,-147.427,-150.426,-149.612,-145.056,-144.107,-148.662,-145.996,-150.558,-147.194,-149.002,-151.871,-151.87,-149.177,-147.712,-149.482,-147.756,-148.257,-144.449,-146.391,-147.007,-146.054,-143.881,-145.1,-142.973,-140.518,-125.181,-132.112,-124.909,-123.669,-29.8406,-28.9474,-28.9005,-28.7656,-51.1012,-51.224,-51.7555,-52.3411,-52.6639,-53.655,-54.8359,-55.0377,-56.0045,-57.296,-58.6618,-58.417,-59.7061,-60.1299,-61.1827,-61.7032,-62.0402,-63.9301,-65.2284,-66.8797,-65.2309,-69.4133,-69.9462,
67,3,_abcn_l01-sec, I2,8.60936,8.70636,7.9867,8.49071,8.28132,8.13684,8.41295,8.03996,8.11942,8.12252,8.17305,7.97105,8.18148,7.93032,8.13621,8.14809,7.68758,8.40084,7.80445,7.94419,8.31054,8.19071,9.08832,14.2075,15.1895,12.1102,11.6849,12.233,12.0104,11.3967,11.052,11.2288,11.0482,11.3806,10.2975,10.7757,10.6218,11.3158,12.8388,11.5365,12.0807,11.1649,11.3115,12.3058,12.6095,11.4324,12.3193,10.8483,11.8007,10.8662,10.0445,10.0965,11.2058,11.0644,10.6133,11.3076,11.1313,11.2685,10.7898,10.767,11.2301,10.8693,10.5978,11.076,11.4997,11.9165,10.9371,11.6837,11.6736,13.0177,13.3807,13.6826,13.5663,14.5167,14.0107,14.136,13.5366,13.2896,12.8749,12.1186,12.0407,11.5614,11.1588,10.3722,10.8298,10.559,10.249,9.89133,9.61662,9.79576,9.32803,9.18144,8.68376,9.19138,8.52655,8.60935,
68,3,_abcn_l01-sec, IAngle2,169.831,170.361,165.993,169.164,167.916,167,168.713,166.36,166.891,166.911,167.242,165.894,167.293,165.612,167,167.076,163.822,168.644,164.703,165.707,168.091,167.331,172.263,-173.262,-171.74,-177.328,-178.404,-177.027,-177.59,-178.609,-179.581,-179.056,-179.587,-178.329,178.234,179.834,179.338,-178.376,-174.636,-177.749,-176.376,-178.732,-178.326,-175.757,-175.062,-177.969,-175.7,-179.686,-176.98,-179.667,177.512,177.707,-178.641,-179.16,179.44,-178.433,-178.934,-178.633,179.918,179.844,-178.753,-179.949,179.189,-179.305,-178.091,-177.233,179.998,-177.873,-177.884,-175.464,-174.797,-174.193,-174.398,-172.853,-173.707,-173.539,-174.582,-175.047,-175.879,-177.564,-177.751,-178.976,179.917,177.446,178.936,178.028,176.995,175.688,174.581,175.327,173.355,172.714,170.213,172.775,169.356,169.831,
69,3,_abcn_l01-sec, I3,8.92873,8.98828,8.2697,8.73203,8.55001,8.34755,8.65748,8.25146,8.36766,8.39661,8.43801,8.18269,8.41319,8.16724,8.3844,8.40088,7.8949,8.59221,8.01377,8.23607,8.71524,8.74686,9.56626,13.8984,14.6498,12.1204,11.9019,12.2718,11.8555,11.0501,11.0407,11.5536,11.4107,11.6341,10.5745,11.1434,10.8768,11.5167,13.3008,11.9508,12.3749,11.3274,11.5236,12.7644,13.1573,11.8051,12.3636,11.0039,11.9625,10.9568,10.2059,10.3389,11.262,11.1551,10.6814,11.4123,11.2309,11.2931,10.8924,10.9286,11.4731,11.0734,10.9627,11.3066,11.7599,12.234,10.9961,11.9673,12.5526,14.4096,14.7574,15.7701,15.2536,15.7849,15.1253,14.8613,14.2726,14.0408,13.8356,12.9933,13.2006,12.5791,12.0572,11.2804,11.5627,11.1998,10.8708,10.4931,10.0478,10.2234,9.86764,9.60215,9.10074,9.53869,8.86358,8.92883,
70,3,_abcn_l01-sec, IAngle3,49.7558,50.0812,45.8391,48.6989,47.633,46.3724,48.2836,45.7475,46.5113,46.6969,46.9638,45.2887,46.8084,45.1815,46.625,46.7314,43.1994,47.9114,44.092,45.6341,48.5788,48.691,52.7352,65.232,66.531,61.55,60.9904,61.9442,60.8418,58.9187,58.9175,60.4447,60.0309,60.8736,57.5489,59.397,58.566,60.614,64.9046,61.8081,62.8532,60.1208,60.6606,63.7523,64.6009,61.4239,62.8718,59.1164,61.8506,58.9446,56.3344,56.8283,59.906,59.4979,57.9917,60.2859,59.7584,59.8792,58.6277,58.7449,60.3945,59.1182,58.7743,59.8374,61.1162,62.1825,58.6881,61.4541,62.8757,66.0604,66.5461,68.0472,67.3104,67.976,66.9949,66.5739,65.6185,65.2139,64.8449,63.1749,63.6016,62.2492,61.0173,58.8945,59.7234,58.6433,57.6392,56.3838,54.7232,55.4342,54.0353,52.9544,50.5812,52.6943,49.3792,49.7558,
71,3,_abcn_l01-sec, I4,2.65781,2.55628,2.44106,2.35519,2.26961,2.33757,2.14473,2.21906,2.16044,2.0669,2.08216,2.15009,2.09463,2.12039,2.03723,1.97439,2.09117,2.12529,2.07598,2.21472,2.323,3.13217,4.55613,4.3101,4.87375,10.6889,10.5547,10.7132,10.8454,11.5697,11.4034,11.3305,11.2618,12.0576,11.9549,11.9423,12.0424,12.3759,12.437,12.4591,12.5899,12.7669,12.625,12.0494,11.9983,12.3408,12.3221,12.57,12.2768,12.3735,12.5271,12.518,12.5491,12.2779,12.3044,12.2941,12.2854,11.9505,11.959,12.0028,12.0218,11.629,11.5697,11.5638,11.425,10.9715,11.2104,10.9093,10.4717,9.74285,10.0429,9.64587,10.16,5.76685,6.31236,5.88121,5.94455,5.89487,5.29175,5.23192,4.95028,4.87965,4.55035,4.62082,4.36831,4.02908,4.18559,4.09381,4.33161,3.96603,3.59402,3.38587,3.39877,3.45292,2.88131,2.65788,
72,3,_abcn_l01-sec, IAngle4,121.39,118.768,116.933,113.807,113.09,112.164,109.134,109.436,109.648,108.397,108.366,107.616,107.111,108.023,106.247,104.508,105.609,106.11,105.302,112.87,119.281,132.434,137.576,124.822,125.332,60.7059,58.0805,58.7591,62.6109,45.5659,42.2731,39.2519,39.5773,31.1449,31.7731,31.2637,31.5395,27.6606,25.5705,25.8685,25.9335,24.342,24.8182,26.6231,26.4294,25.2194,27.3113,25.468,26.8482,27.943,26.563,25.9805,26.8185,29.6793,29.5124,29.1683,29.2007,33.6969,33.0017,32.2006,31.3796,36.3692,35.3318,36.4994,37.4124,45.3755,45.6644,47.0455,45.51,68.1249,73.4409,77.5657,80.8121,148.163,147.212,143.102,143.331,143.425,144.753,143.816,146.72,145.039,143.003,143.468,140.354,137.982,138.278,137.681,136.009,134.298,134.483,130.861,130.964,129.793,124.597,121.392,
73,4,_abcn_l01-sec, P1 (kW),1.1091,1.10297,0.963542,1.02735,0.983842,0.957099,0.979465,0.920097,0.932631,0.923137,0.932102,0.89559,0.927639,0.889463,0.913585,0.905162,0.832596,0.960706,0.85162,0.921513,1.02535,1.14458,1.46794,2.07473,2.25674,1.13232,1.01996,1.09874,1.14932,-0.409858,-0.524511,-0.54265,-0.553645,-1.16965,-1.30255,-1.23673,-1.27119,-1.48594,-1.30806,-1.49106,-1.43831,-1.72404,-1.67592,-1.41941,-1.36984,-1.62727,-1.47654,-1.74379,-1.54768,-1.62116,-1.78851,-1.78724,-1.62228,-1.47181,-1.54141,-1.44419,-1.46665,-1.19421,-1.27476,-1.29575,-1.2441,-0.999069,-1.04623,-0.957823,-0.861212,-0.23387,-0.398892,-0.222823,-0.195625,1.70071,1.88502,2.05616,2.10367,2.47667,2.46348,2.39429,2.32015,2.2812,2.16772,2.04634,2.02635,1.93703,1.826,1.72071,1.73802,1.64654,1.61727,1.54859,1.51709,1.49543,1.38881,1.32058,1.24195,1.32002,1.13124,1.10911,
74,4,_abcn_l01-sec, Q1 (kvar),0.922063,0.922125,0.922094,0.922182,0.922201,0.922138,0.922277,0.922183,0.922221,0.922271,0.922264,0.922202,0.92226,0.922212,0.922284,0.922321,0.922197,0.92227,0.922224,0.922168,0.922186,0.921818,0.921166,0.922048,0.921878,0.320808,0.282083,0.275124,0.262727,0.657059,0.672978,0.681372,0.690284,0.882688,0.909826,0.876966,0.905716,0.982897,0.973092,0.990629,0.967638,1.0382,1.02573,1.03047,1.03247,1.03937,1.0319,1.03675,1.03495,1.02171,1.02573,1.02827,1.02009,0.948163,0.965619,0.965137,0.96714,0.896481,0.929795,0.898934,0.93195,0.821002,0.814604,0.808551,0.807626,0.649374,0.649572,0.647859,0.696056,0.0787682,0.0468745,0.0550178,0.0506254,0.921066,0.920449,0.920893,0.920761,0.920756,0.921235,0.92115,0.921382,0.921345,0.921498,0.921342,0.921517,0.921743,0.921575,0.921575,0.921371,0.921604,0.921783,0.921824,0.92175,0.921739,0.921983,0.922071,
75,4,_abcn_l01-sec, P2 (kW),0.834729,0.850659,0.728874,0.815014,0.779738,0.755035,0.801961,0.738203,0.752006,0.752499,0.761256,0.726147,0.762682,0.718969,0.754857,0.756869,0.675352,0.799957,0.696499,0.721407,0.784631,0.764229,0.912491,1.65589,1.79002,1.28587,1.22836,1.30219,1.27237,1.18825,1.14102,1.16504,1.14014,1.18552,1.03525,1.10197,1.08084,1.17579,1.37963,1.20598,1.27922,1.155,1.17462,1.30783,1.34805,1.19075,1.31029,1.11104,1.24063,1.11367,0.998397,1.00575,1.16056,1.14147,1.07905,1.17476,1.15071,1.16998,1.10414,1.10084,1.16467,1.1151,1.07736,1.14362,1.20132,1.25806,1.12432,1.22599,1.22441,1.40732,1.45301,1.49187,1.47728,1.69693,1.62783,1.64415,1.56202,1.52783,1.4697,1.36326,1.35194,1.28337,1.22522,1.10956,1.1772,1.13663,1.09082,1.03693,0.994861,1.02251,0.949843,0.927043,0.846889,0.928835,0.820975,0.834729,
76,4,_abcn_l01-sec, Q2 (kvar),0.702271,0.702214,0.70205,0.70205,0.702004,0.701964,0.701941,0.701896,0.701909,0.701887,0.701894,0.701851,0.70187,0.701854,0.70185,0.701825,0.701781,0.701879,0.701792,0.701947,0.70214,0.702554,0.703283,0.703798,0.704184,0.654783,0.654833,0.65401,0.654956,0.655935,0.656219,0.65548,0.655737,0.654843,0.656134,0.655525,0.655625,0.655124,0.653183,0.654515,0.653881,0.655233,0.654952,0.654381,0.65409,0.654926,0.654767,0.655607,0.654992,0.655572,0.656195,0.656041,0.655119,0.65537,0.655884,0.655047,0.655332,0.655423,0.65573,0.655813,0.654863,0.65588,0.656292,0.655858,0.655525,0.655318,0.656402,0.655372,0.654722,0.649442,0.648685,0.648231,0.649172,0.706502,0.706426,0.705977,0.705746,0.705614,0.705334,0.70493,0.704995,0.70468,0.704278,0.704035,0.703938,0.703689,0.703627,0.703441,0.703344,0.703211,0.703018,0.702787,0.702678,0.702747,0.702369,0.702271,
77,4,_abcn_l01-sec, P3 (kW),0.861236,0.871188,0.749758,0.829098,0.798425,0.763656,0.816841,0.747007,0.767311,0.772369,0.779554,0.734984,0.775305,0.732237,0.77035,0.773254,0.683089,0.805978,0.704803,0.744157,0.825972,0.830117,0.961259,1.59313,1.69596,1.3977,1.36586,1.42017,1.35802,1.24638,1.24509,1.32283,1.30143,1.34031,1.17907,1.26616,1.22563,1.32568,1.58778,1.39082,1.4531,1.29898,1.3285,1.51152,1.56857,1.37097,1.45314,1.25026,1.39402,1.24221,1.12594,1.14687,1.28859,1.27052,1.19817,1.30949,1.28214,1.28953,1.2287,1.23419,1.31683,1.25384,1.237,1.28902,1.35675,1.42237,1.23761,1.38306,1.46949,1.72541,1.77431,1.91551,1.84316,1.8428,1.75324,1.71794,1.63805,1.60639,1.57858,1.46204,1.49082,1.404,1.33073,1.21883,1.26026,1.20747,1.15931,1.10336,1.03582,1.06319,1.00884,0.968179,0.888195,0.958426,0.850118,0.861245,
78,4,_abcn_l01-sec, Q3 (kvar),0.727411,0.727462,0.727243,0.727422,0.727351,0.727335,0.727407,0.727312,0.727323,0.727314,0.727344,0.7273,0.727352,0.727278,0.727331,0.727333,0.727207,0.727432,0.727247,0.727235,0.727265,0.727102,0.72743,0.730021,0.730643,0.708361,0.709631,0.708135,0.709762,0.708501,0.708583,0.706022,0.706639,0.703208,0.709017,0.705726,0.707461,0.701618,0.692005,0.699445,0.697261,0.701812,0.700479,0.692632,0.690349,0.698253,0.694949,0.703148,0.697228,0.70396,0.708643,0.707862,0.702436,0.703897,0.706647,0.702513,0.703496,0.70413,0.706606,0.706293,0.703582,0.706521,0.707044,0.7051,0.702456,0.702157,0.708455,0.703236,0.700317,0.702629,0.699766,0.694639,0.696772,0.729274,0.729192,0.72912,0.729001,0.728877,0.728501,0.728279,0.728018,0.727918,0.72785,0.727617,0.727789,0.727563,0.727602,0.727547,0.727517,0.727624,0.727397,0.727505,0.727333,0.727563,0.727371,0.727418,
79,4,_abcn_l01-sec, P4 (kW),5.17645E-05,4.66502E-05,4.25431E-05,3.918E-05,3.34209E-05,4.24461E-05,2.74752E-05,3.54192E-05,3.05606E-05,2.30938E-05,2.61159E-05,3.24996E-05,2.73399E-05,2.97725E-05,2.27317E-05,1.83179E-05,2.72979E-05,3.0594E-05,2.67894E-05,3.11021E-05,2.59962E-05,6.45973E-05,0.000174534,0.000232398,0.000319869,0.0604184,0.0607357,0.061415,0.0605553,0.0696732,0.0692482,0.0691758,0.0688926,0.074673,0.0740943,0.0739528,0.0745085,0.0773263,0.0772188,0.0773431,0.0781608,0.0794799,0.0793531,0.076583,0.0762098,0.0781839,0.0782907,0.0792432,0.0781163,0.0783358,0.0789825,0.0788796,0.0792455,0.0771201,0.0772479,0.0772665,0.0771183,0.0748504,0.0747519,0.0747652,0.0750627,0.0720089,0.0712402,0.0714927,0.0708281,0.0663455,0.0680919,0.0665679,0.0645179,0.0541344,0.0544634,0.0505409,0.0508572,0.000119427,0.00018251,8.80499E-05,0.000141145,0.00014391,7.11893E-05,9.09542E-05,4.67979E-05,5.01336E-05,5.05557E-05,8.64822E-05,5.83889E-05,1.65047E-06,4.98763E-05,6.85452E-05,0.000105138,8.72489E-05,5.39287E-05,7.40435E-05,8.33076E-05,9.78105E-05,6.15109E-05,5.17708E-05,
80,4,_abcn_l01-sec, Q4 (kvar),0.000448926,0.000413426,0.000378246,0.000350611,0.000327974,0.000344166,0.000292222,0.000310809,0.000297475,0.000273543,0.000278167,0.00029269,0.000278952,0.000286313,0.000264419,0.000248043,0.000274975,0.000285172,0.000271833,0.000314885,0.000351693,0.000639544,0.00128745,0.00107552,0.0013475,-0.0154295,-0.012201,-0.0129975,-0.0174455,-0.0191645,-0.0144862,-0.0107969,-0.0113527,-0.0119421,-0.0131339,-0.0123873,-0.0124192,-0.0153362,-0.0120129,-0.0123345,-0.0117122,-0.0148759,-0.0159915,-0.0204446,-0.0203162,-0.0184195,-0.0213453,-0.0180103,-0.0208905,-0.0193041,-0.016684,-0.0158954,-0.0169162,-0.0167617,-0.0167467,-0.0163113,-0.0164892,-0.017676,-0.0167776,-0.0155641,-0.014395,-0.0160123,-0.0147921,-0.0163777,-0.0179452,-0.0175828,-0.0177843,-0.0199649,-0.0185796,-0.0189056,-0.0254854,-0.0288528,-0.0331441,0.002221,0.00258959,0.00219107,0.00223051,0.00219662,0.00183228,0.00177278,0.00165656,0.00158432,0.00136591,0.00140454,0.00123423,0.00104535,0.00111991,0.00106938,0.00116302,0.000980288,0.000825211,0.000723212,0.000728696,0.0007441,0.000524694,0.000448959,
81,4,_abcn_l01-sec, V1,126.174,126.18,126.209,126.204,126.219,126.215,126.228,126.23,126.235,126.245,126.243,126.24,126.241,126.244,126.248,126.254,126.252,126.232,126.251,126.234,126.214,126.152,126.003,125.889,125.81,125.08,125.079,125.043,125.008,125.527,125.583,125.609,125.615,125.826,125.833,125.837,125.821,126,125.988,126.003,125.98,126.092,126.085,126.096,126.1,126.117,126.094,126.112,126.103,126.048,126.063,126.066,126.04,125.953,125.964,125.954,125.962,125.849,125.849,125.866,125.847,125.755,125.785,125.766,125.766,125.564,125.568,125.552,125.566,124.627,124.627,124.664,124.634,125.805,125.761,125.751,125.77,125.782,125.852,125.872,125.914,125.921,125.954,125.975,125.969,125.984,125.989,126.011,125.989,126.019,126.067,126.092,126.106,126.088,126.154,126.174,
82,4,_abcn_l01-sec, VAngle1,-30.2073,-30.1964,-30.1668,-30.1643,-30.1524,-30.1492,-30.138,-30.1332,-30.1315,-30.1245,-30.1242,-30.122,-30.1232,-30.1203,-30.118,-30.1119,-30.1106,-30.1274,-30.111,-30.1396,-30.1751,-30.2642,-30.4171,-30.439,-30.5004,-26.986,-26.921,-26.942,-27.0154,-26.673,-26.6031,-26.5547,-26.5541,-26.3911,-26.3868,-26.3966,-26.3888,-26.3387,-26.3318,-26.3005,-26.3209,-26.2842,-26.2963,-26.3562,-26.357,-26.3058,-26.3606,-26.293,-26.3429,-26.3238,-26.2761,-26.269,-26.3107,-26.3755,-26.3553,-26.3644,-26.3604,-26.4408,-26.4193,-26.4109,-26.3994,-26.4896,-26.472,-26.4993,-26.5249,-26.6745,-26.6633,-26.6955,-26.6537,-27.1395,-27.2139,-27.2263,-27.2817,-30.7011,-30.7364,-30.7177,-30.6953,-30.6836,-30.6305,-30.6013,-30.5863,-30.5666,-30.518,-30.4954,-30.4839,-30.4658,-30.4539,-30.4255,-30.4318,-30.3954,-30.357,-30.3116,-30.2977,-30.3051,-30.2326,-30.2074,
83,4,_abcn_l01-sec, V2,126.705,126.695,126.71,126.691,126.694,126.7,126.682,126.696,126.694,126.688,126.691,126.695,126.687,126.697,126.684,126.678,126.693,126.68,126.69,126.703,126.697,126.74,126.763,126.64,126.637,119.154,119.128,119.12,119.15,118.762,118.76,118.715,118.71,118.474,118.505,118.466,118.495,118.296,118.242,118.283,118.267,118.219,118.174,118.122,118.11,118.132,118.158,118.175,118.148,118.225,118.24,118.231,118.227,118.308,118.332,118.31,118.322,118.427,118.451,118.436,118.422,118.542,118.555,118.545,118.53,118.721,118.723,118.677,118.643,119.061,118.922,118.882,118.944,126.622,126.653,126.579,126.624,126.633,126.617,126.643,126.631,126.638,126.646,126.692,126.653,126.606,126.653,126.678,126.695,126.685,126.684,126.704,126.724,126.719,126.713,126.705,
84,4,_abcn_l01-sec, VAngle2,-150.094,-150.099,-150.081,-150.094,-150.087,-150.086,-150.092,-150.084,-150.082,-150.082,-150.081,-150.081,-150.085,-150.078,-150.084,-150.085,-150.079,-150.093,-150.08,-150.076,-150.084,-150.077,-150.114,-150.235,-150.266,-150.342,-150.342,-150.36,-150.353,-150.019,-149.986,-150.001,-149.991,-149.863,-149.85,-149.868,-149.871,-149.773,-149.821,-149.781,-149.822,-149.729,-149.745,-149.737,-149.74,-149.725,-149.716,-149.709,-149.717,-149.732,-149.722,-149.726,-149.747,-149.81,-149.782,-149.804,-149.789,-149.841,-149.844,-149.839,-149.872,-149.899,-149.877,-149.885,-149.885,-150.011,-150.017,-150.037,-150.042,-150.691,-150.74,-150.707,-150.676,-150.249,-150.248,-150.3,-150.267,-150.258,-150.241,-150.221,-150.21,-150.206,-150.192,-150.158,-150.186,-150.21,-150.181,-150.159,-150.16,-150.155,-150.139,-150.121,-150.104,-150.114,-150.096,-150.094,
85,4,_abcn_l01-sec, V3,126.258,126.273,126.307,126.313,126.322,126.337,126.339,126.353,126.349,126.35,126.354,126.365,126.359,126.363,126.361,126.364,126.375,126.359,126.374,126.334,126.275,126.163,126.013,126.089,126.053,129.282,129.324,129.314,129.249,129.434,129.456,129.484,129.483,129.609,129.625,129.597,129.625,129.629,129.611,129.653,129.635,129.662,129.651,129.581,129.574,129.632,129.587,129.655,129.604,129.651,129.694,129.697,129.661,129.606,129.632,129.62,129.622,129.569,129.601,129.589,129.612,129.532,129.529,129.511,129.485,129.379,129.413,129.379,129.405,129.276,129.244,129.205,129.18,125.554,125.54,125.578,125.621,125.635,125.659,125.71,125.682,125.723,125.799,125.837,125.863,125.871,125.908,125.953,125.975,126.018,126.041,126.122,126.144,126.149,126.227,126.258,
86,4,_abcn_l01-sec, VAngle3,89.9406,89.9439,89.9657,89.9615,89.966,89.977,89.969,89.9822,89.9788,89.9761,89.9795,89.9877,89.9806,89.9869,89.9796,89.9786,89.9912,89.979,89.9899,89.9752,89.9426,89.9062,89.8517,89.8507,89.8381,88.4261,88.4445,88.4464,88.4354,88.4202,88.4444,88.4171,88.4143,88.3984,88.4094,88.3713,88.4008,88.3261,88.2752,88.3282,88.3081,88.3154,88.275,88.1849,88.1696,88.2279,88.2436,88.2839,88.2353,88.3024,88.3366,88.3283,88.3172,88.3102,88.3462,88.3214,88.3349,88.3531,88.3673,88.363,88.3462,88.3693,88.3763,88.3664,88.3386,88.3434,88.3636,88.2936,88.2459,88.2201,88.0696,87.9798,88.0185,89.5668,89.5778,89.571,89.6096,89.6193,89.6179,89.6539,89.6295,89.6541,89.6939,89.7308,89.7295,89.7144,89.7522,89.7843,89.8059,89.821,89.8277,89.8762,89.8949,89.8972,89.9298,89.9406,
87,4,_abcn_l01-sec, V4,0.170027,0.162756,0.155929,0.149794,0.145255,0.148348,0.136852,0.14097,0.138417,0.132815,0.134183,0.136966,0.133813,0.135757,0.130272,0.125972,0.132139,0.13495,0.131576,0.14287,0.151809,0.205224,0.28516,0.255294,0.284164,5.83292,5.86927,5.85963,5.81062,6.19079,6.20844,6.25746,6.2632,6.48428,6.47982,6.4932,6.4817,6.63076,6.65702,6.65109,6.6426,6.70249,6.72979,6.75793,6.76703,6.76715,6.72062,6.73762,6.73969,6.69704,6.70403,6.71369,6.69007,6.60775,6.60396,6.61196,6.60627,6.50428,6.50693,6.51009,6.53015,6.41046,6.40874,6.4024,6.40584,6.2206,6.22542,6.25453,6.31519,5.90324,5.98812,6.03677,5.97902,0.385688,0.41126,0.372855,0.375969,0.373432,0.346514,0.339285,0.334772,0.324843,0.300383,0.304535,0.282858,0.259452,0.26783,0.261754,0.269591,0.248148,0.230096,0.214713,0.215796,0.217352,0.183349,0.170035,
88,4,_abcn_l01-sec, VAngle4,-155.188,-157.67,-159.485,-162.569,-162.728,-164.867,-166.238,-167.066,-166.217,-166.429,-166.997,-168.72,-168.486,-167.914,-168.667,-169.716,-170.06,-170.013,-170.326,-162.771,-154.946,-143.333,-140.144,-157.371,-158.022,46.3804,46.7245,46.8117,46.5408,43.51,43.5572,43.6776,43.6033,42.5626,42.6088,42.468,42.7009,41.3149,41.4256,41.5403,41.6081,40.8973,40.7925,40.2013,40.1537,40.4173,40.185,40.5743,40.2477,40.8797,41.1297,41.1509,41.0536,41.4425,41.504,41.5019,41.4678,41.9184,42.1521,42.0573,42.315,42.5598,42.4789,42.3845,42.1777,43.1364,43.2347,43.0332,43.1657,49.2188,48.4253,47.8422,47.7145,-124.915,-126.819,-129.199,-130.289,-130.323,-127.472,-129.121,-124.898,-126.773,-129.116,-130.055,-132.355,-132.109,-134.272,-135.987,-139.157,-140.788,-139.256,-144.985,-145.558,-147.696,-152.09,-155.186,
89,4,_abcn_l01-sec, I1,11.4312,11.3937,10.5672,10.9389,10.6837,10.53,10.658,10.32,10.3901,10.3363,10.3867,10.1831,10.3618,10.149,10.2827,10.2356,9.841,10.55,9.94283,10.3275,10.9263,11.6497,13.754,18.0349,19.3766,9.4091,8.46068,9.05825,9.43107,6.16925,6.79418,6.93464,7.04441,11.6457,12.6267,12.0481,12.4053,14.1397,12.9403,14.2072,13.7602,15.9606,15.5839,13.9103,13.6032,15.3102,14.286,16.0865,14.7644,15.2026,16.3551,16.3559,15.2043,13.9003,14.4398,13.7907,13.9473,11.8654,12.5374,12.5295,12.3519,10.2829,10.5415,9.96663,9.38772,5.49683,6.0706,5.45677,5.75811,13.6611,15.1299,16.4995,16.8837,21.0039,20.9113,20.3997,19.8472,19.5578,18.7152,17.8285,17.6787,17.0344,16.2388,15.4939,15.6166,14.9779,14.7744,14.3008,14.0882,13.9392,13.2221,12.7723,12.2646,12.7687,11.5681,11.4313,
90,4,_abcn_l01-sec, IAngle1,-69.9462,-70.0934,-73.9076,-72.0764,-73.3001,-74.0834,-73.4156,-75.198,-74.8099,-75.0976,-74.8202,-75.9608,-74.9566,-76.1559,-75.3895,-75.6498,-78.0336,-73.958,-77.3903,-75.1599,-72.143,-69.1112,-62.5262,-54.4003,-52.7205,-42.8044,-42.3805,-40.9998,-39.8916,-148.628,-154.535,-155.089,-155.286,-169.351,-171.453,-171.056,-170.919,-172.855,-169.685,-172.701,-172.39,-175.228,-174.828,-170.377,-169.351,-173.739,-171.412,-175.56,-172.572,-174.103,-176.441,-176.355,-174.149,-173.585,-174.29,-172.61,-172.959,-169.546,-170.313,-171.66,-169.563,-167.077,-168.567,-166.33,-163.364,-136.481,-148.217,-135.675,-132.352,-29.7912,-28.6383,-28.7591,-28.6603,-51.1012,-51.224,-51.7555,-52.3411,-52.6639,-53.655,-54.8359,-55.0377,-56.0045,-57.296,-58.6618,-58.417,-59.7061,-60.1299,-61.1827,-61.7032,-62.0402,-63.9301,-65.2284,-66.8797,-65.2309,-69.4133,-69.9462,
91,4,_abcn_l01-sec, I2,8.60936,8.70636,7.9867,8.49071,8.28132,8.13684,8.41295,8.03996,8.11942,8.12252,8.17305,7.97105,8.18148,7.93032,8.13621,8.14809,7.68758,8.40084,7.80445,7.94419,8.31054,8.19071,9.08832,14.2075,15.1895,12.1102,11.6849,12.233,12.0104,11.4285,11.0834,11.2605,11.0796,11.4317,10.3427,10.8234,10.6683,11.3781,12.9094,11.6005,12.1474,11.2327,11.3804,12.3804,12.6861,11.5039,12.3968,10.9165,11.8742,10.9308,10.1043,10.1564,11.2723,11.1255,10.6712,11.3689,11.1918,11.3239,10.8414,10.8192,11.283,10.9133,10.6408,11.121,11.5459,11.9482,10.9659,11.7138,11.7029,13.0181,13.3805,13.6826,13.5662,14.5167,14.0107,14.136,13.5366,13.2896,12.8749,12.1186,12.0407,11.5614,11.1588,10.3722,10.8298,10.559,10.249,9.89133,9.61662,9.79576,9.32803,9.18144,8.68376,9.19138,8.52655,8.60935,
92,4,_abcn_l01-sec, IAngle2,169.831,170.361,165.993,169.164,167.916,167,168.713,166.36,166.891,166.911,167.242,165.894,167.293,165.612,167,167.076,163.822,168.644,164.703,165.707,168.091,167.331,172.263,-173.262,-171.74,-177.328,-178.404,-177.027,-177.59,-178.919,-179.89,-179.365,-179.896,-178.778,177.784,179.385,178.889,-178.899,-175.157,-178.271,-176.896,-179.295,-178.888,-176.319,-175.623,-178.536,-176.268,179.746,-177.549,179.785,176.963,177.158,-179.191,-179.672,178.925,-178.948,-179.45,-179.098,179.451,179.377,-179.22,179.637,178.775,-179.719,-178.505,-177.526,179.705,-178.165,-178.176,-175.463,-174.798,-174.193,-174.398,-172.853,-173.707,-173.539,-174.582,-175.047,-175.879,-177.564,-177.751,-178.976,179.917,177.446,178.936,178.028,176.995,175.688,174.581,175.327,173.355,172.714,170.213,172.775,169.356,169.831,
93,4,_abcn_l01-sec, I3,8.92873,8.98828,8.2697,8.73203,8.55001,8.34755,8.65748,8.25146,8.36766,8.39661,8.43801,8.18269,8.41319,8.16724,8.3844,8.40088,7.8949,8.59221,8.01377,8.23607,8.71524,8.74686,9.56626,13.8984,14.6498,12.1204,11.9019,12.2718,11.8555,11.0766,11.0663,11.5802,11.437,11.6781,10.6139,11.1851,10.9173,11.5707,13.3632,12.0073,12.4329,11.3868,11.5839,12.831,13.2262,11.8685,12.43,11.0634,12.0263,11.0128,10.2579,10.3914,11.3189,11.2069,10.7305,11.4646,11.2825,11.3395,10.9366,10.9732,11.519,11.1108,10.9999,11.3447,11.7991,12.2604,11.0193,11.9925,12.5794,14.411,14.7574,15.7701,15.2536,15.7849,15.1253,14.8613,14.2726,14.0408,13.8356,12.9933,13.2006,12.5791,12.0572,11.2804,11.5627,11.1998,10.8708,10.4931,10.0478,10.2234,9.86764,9.60215,9.10074,9.53869,8.86358,8.92883,
94,4,_abcn_l01-sec, IAngle3,49.7558,50.0812,45.8391,48.6989,47.633,46.3724,48.2836,45.7475,46.5113,46.6969,46.9638,45.2887,46.8084,45.1815,46.625,46.7314,43.1994,47.9114,44.092,45.6341,48.5788,48.691,52.7352,65.232,66.531,61.55,60.9904,61.9442,60.8418,58.8043,58.8002,60.3273,59.9136,60.7141,57.3893,59.2371,58.4062,60.4361,64.7261,61.6303,62.6744,59.9339,60.4737,63.5659,64.4147,61.2376,62.6847,58.9303,61.6631,58.7622,56.1512,56.6449,59.7216,59.3227,57.8152,60.1088,59.5817,59.717,58.4648,58.5818,60.2306,58.9687,58.625,59.6876,60.9658,62.07,58.5753,61.3419,62.7647,66.0628,66.546,68.0471,67.3104,67.976,66.9949,66.5739,65.6185,65.2139,64.8449,63.1749,63.6016,62.2492,61.0173,58.8945,59.7234,58.6433,57.6392,56.3838,54.7232,55.4342,54.0353,52.9544,50.5812,52.6943,49.3792,49.7558,
95,4,_abcn_l01-sec, I4,2.65781,2.55628,2.44106,2.35519,2.26961,2.33757,2.14473,2.21906,2.16044,2.0669,2.08216,2.15009,2.09463,2.12039,2.03723,1.97439,2.09117,2.12529,2.07598,2.21472,2.323,3.13217,4.55613,4.3101,4.87375,10.6906,10.5548,10.7132,10.8453,11.6723,11.3953,11.1888,11.1479,11.6623,11.6129,11.5479,11.6538,11.8889,11.7391,11.7756,11.898,12.0642,12.0284,11.7292,11.6552,11.8697,12.0745,12.0613,11.9978,12.047,12.0413,11.9852,12.1121,11.9436,11.9689,11.9434,11.9373,11.8244,11.7738,11.7307,11.7042,11.5074,11.3532,11.4558,11.4062,11.0336,11.3046,11.1115,10.6315,9.71344,10.0418,9.64038,10.1528,5.76685,6.31236,5.88121,5.94455,5.89487,5.29175,5.23192,4.95028,4.87965,4.55035,4.62082,4.36831,4.02908,4.18559,4.09381,4.33161,3.96603,3.59402,3.38587,3.39877,3.45292,2.88131,2.65788,
96,4,_abcn_l01-sec, IAngle4,121.39,118.768,116.933,113.807,113.09,112.164,109.134,109.436,109.648,108.397,108.366,107.616,107.111,108.023,106.247,104.508,105.609,106.11,105.302,112.87,119.281,132.434,137.576,124.822,125.332,60.7062,58.0833,58.7611,62.612,58.8896,55.3726,52.5487,52.9609,51.6487,52.6606,51.9769,52.1641,52.5329,50.2682,50.6014,50.1303,51.4985,52.1864,55.1484,55.0806,53.674,55.4356,53.3789,55.2198,54.7231,53.0573,52.5442,53.1035,53.7047,53.736,53.4222,53.5369,55.2055,54.8022,53.8167,53.171,55.0965,54.2089,55.2873,56.3951,57.9796,57.8723,59.7281,59.2308,68.4697,73.5019,77.5633,80.8072,148.163,147.212,143.102,143.331,143.425,144.753,143.816,146.72,145.039,143.003,143.468,140.354,137.982,138.278,137.681,136.009,134.298,134.483,130.861,130.964,129.793,124.597,121.392,
